date_time,lon360,latitude,depth_km,magnitude
2011-01-20T21:02:51.220Z,168.002,-19.309,-1.5,4.3
2015-05-15T01:06:51.290Z,168.1941,-19.0271,-3.86,4.1
2011-01-06T16:17:52.610Z,168.327,-19.497,-4.3,5.2
2012-03-01T00:59:59.990Z,167.45,-17.893,-5.4,5.1
2006-12-23T03:32:48.090Z,168.108,-17.781,-5.6,4.9
2017-07-21T08:59:06.590Z,169.1726,-18.0537,-6.27,5.5
2025-07-23T14:44:43.442Z,168.1647,-17.8948,-7.066,4.3
2011-11-25T06:25:48.600Z,168.361,-17.89,-7.3,4.7
2022-12-01T18:31:06.545Z,169.5341,-18.6779,-7.897,4.5
2012-02-05T16:40:39.160Z,167.226,-17.948,-8,6.1
2015-01-16T07:13:16.360Z,167.624,-17.8523,-8.3,5
2016-08-24T13:06:49.590Z,167.5276,-18.4165,-8.78,4.9
2024-08-02T05:25:08.598Z,169.7063,-19.1424,-9.602,4.3
2019-07-02T16:02:07.499Z,166.9193,-17.9106,-9.69,4.8
2015-01-14T08:33:41.050Z,168.1864,-18.3674,-9.77,4.5
2013-05-29T08:02:53.640Z,167.878,-17.859,-9.8,4.2
2022-12-01T18:01:15.619Z,169.3062,-18.5849,-9.986,4.4
2013-11-29T05:31:08.520Z,169.2881,-19.43,-9.99,4.4
2022-12-01T17:28:30.339Z,169.4277,-18.6562,-10.012,4.5
2010-12-25T23:47:03.370Z,167.969,-19.4,-10.3,4.2
2010-12-28T21:43:50.150Z,168.014,-19.385,-10.4,5.2
2024-01-23T15:26:29.426Z,168.1974,-17.9343,-10.435,5.1
2012-04-14T22:05:26.430Z,168.741,-18.972,-11,6.2
2015-05-28T03:55:37.370Z,167.8839,-17.9596,-11.16,4.4
2010-06-09T23:23:17.350Z,169.485,-18.597,-12,6
2023-03-09T18:35:23.050Z,169.653,-19.3662,-12.67,4.5
2010-08-12T15:49:28.560Z,167.761,-18.037,-12.9,4.6
2021-02-16T00:49:25.141Z,167.5413,-17.8292,-13,6.2
2011-08-24T23:06:17.090Z,167.727,-18.155,-13,6.2
2010-12-26T02:13:37.680Z,168.284,-19.616,-13,6
2019-10-22T14:03:51.173Z,169.8118,-19.6623,-13.14,4.6
2023-06-03T01:42:58.050Z,168.3253,-18.3138,-13.214,4.5
2012-01-30T17:25:09.580Z,167.915,-19.344,-13.5,4.4
2017-06-14T00:25:37.230Z,168.728,-18.3246,-13.6,5.8
2009-06-03T01:43:26.330Z,167.676,-17.948,-13.6,4.6
2021-02-18T06:37:30.717Z,168.0675,-18.9515,-14,6.2
2011-01-12T14:46:03.590Z,168.399,-19.406,-14.2,5.1
2021-02-16T01:32:00.512Z,167.6409,-17.8133,-14.25,5.9
2009-06-07T15:05:22.770Z,168.036,-18.16,-14.4,5.1
2019-11-20T18:37:13.757Z,168.366,-18.288,-14.43,4.6
2012-03-07T13:56:02.090Z,168.194,-19.571,-14.7,5.1
2010-06-10T00:25:16.320Z,169.471,-18.478,-15,4.6
2010-06-08T20:51:21.760Z,169.426,-18.623,-15,4.3
2007-01-21T09:07:36.140Z,169,-18.938,-15,4.7
2006-12-29T20:59:44.510Z,169.478,-18.67,-15,4.6
2013-08-04T00:29:44.350Z,168.2079,-18.4335,-15.09,4.4
2010-01-24T18:15:09.270Z,167.897,-18.513,-15.1,5.6
2013-08-29T17:49:12.900Z,169.7961,-19.2187,-15.23,4.2
2011-10-17T12:24:29.790Z,167.808,-19.352,-15.4,4.9
2016-04-08T19:14:00.000Z,167.5771,-18.3168,-15.52,4.7
2009-12-05T17:33:39.040Z,167.126,-17.952,-15.6,4.7
2012-03-09T07:09:50.950Z,169.613,-19.125,-16,6.7
2010-12-29T06:54:19.640Z,168.14,-19.661,-16,6.4
2010-12-25T13:16:37.000Z,167.947,-19.702,-16,7.3
2022-12-01T17:20:46.844Z,169.4121,-18.6471,-16.019,4.5
2019-01-08T16:18:02.150Z,169.8067,-19.4492,-16.51,4.6
2021-03-14T09:20:19.275Z,168.5937,-18.8333,-17.02,4.4
2004-12-20T18:08:45.120Z,167.708,-19.123,-17.5,4.6
2015-06-12T20:01:00.770Z,167.9514,-17.9071,-17.56,4.5
2011-01-09T17:21:51.650Z,168.155,-19.201,-18,6.1
2011-01-09T16:58:04.960Z,168.239,-19.158,-18,5.3
2012-04-26T17:26:16.050Z,168.504,-18.918,-18.2,4.8
2016-12-06T14:51:14.750Z,167.9696,-18.0025,-18.21,5
2013-04-30T21:04:56.000Z,167.772,-17.77,-18.4,4.4
2012-02-02T19:20:46.930Z,167.791,-18.011,-18.5,5
2011-08-30T16:59:02.370Z,167.168,-18.239,-18.6,4.8
2008-11-19T03:10:39.240Z,169.682,-19.15,-19.4,5.1
2025-01-14T07:35:23.249Z,168.2932,-17.7971,-19.54,4.5
2018-10-07T09:09:11.900Z,168.6036,-18.6758,-19.8,4.5
2015-05-02T03:53:25.580Z,168.6,-18.9721,-20.09,4.6
2009-09-22T06:17:25.600Z,167.489,-17.923,-20.5,4.3
2012-02-02T17:27:06.980Z,167.179,-17.954,-20.6,5.5
2012-03-09T11:47:00.540Z,169.57,-19.242,-20.7,4.5
2022-02-04T21:16:00.094Z,168.2087,-18.2427,-21.56,4.7
2018-09-06T23:48:27.930Z,167.9795,-17.9096,-21.56,4.9
2017-06-10T00:43:59.150Z,167.7943,-18.4728,-21.82,4.8
2011-05-07T23:31:28.900Z,168.032,-19.458,-22,4.6
2011-01-09T10:03:43.990Z,168.312,-19.155,-22,6.5
2023-03-25T23:29:03.833Z,168.0251,-18.2027,-22.086,4.8
2017-01-04T01:06:10.880Z,167.1235,-17.8694,-22.1,5.6
2011-05-13T23:43:33.780Z,167.026,-17.774,-22.1,4.5
2017-07-22T17:33:41.630Z,169.0923,-18.1321,-22.2,4.6
2022-06-26T08:09:48.134Z,168.2915,-19.1452,-22.26,4.9
2015-10-30T06:28:57.760Z,169.6064,-19.3629,-22.53,4.5
2009-05-03T01:09:58.440Z,168.529,-19.168,-22.7,4.6
2011-01-06T22:12:53.140Z,168.632,-19.66,-22.8,4.5
2017-04-14T23:53:56.410Z,167.2137,-18.1571,-22.81,4
2014-11-17T23:55:25.890Z,167.4663,-18.2641,-22.88,4.6
2012-02-02T13:34:40.650Z,167.133,-17.827,-23,7.1
2006-11-29T08:41:26.100Z,168.062,-18.512,-23.2,5.2
2006-10-06T21:04:47.970Z,167.712,-17.979,-23.2,4.9
2006-04-09T10:09:38.050Z,169.613,-19.052,-23.2,4.5
2011-09-04T03:15:22.030Z,167.534,-18.777,-23.3,4.8
2011-04-29T09:47:12.630Z,167.824,-19.363,-23.4,5
2010-10-16T01:06:48.790Z,168.92,-19.417,-23.4,4.4
2006-04-05T04:33:05.890Z,168.367,-18.268,-23.5,4.4
2016-05-10T01:22:08.690Z,167.7858,-19.3679,-23.55,4.8
2014-05-06T18:40:54.510Z,168.7929,-19.0397,-23.63,4.6
2014-11-03T13:47:39.780Z,167.9417,-17.8199,-23.76,4.3
2011-08-21T23:28:49.140Z,168.164,-18.116,-23.8,4.8
2010-12-25T22:41:31.130Z,167.933,-19.342,-23.8,5
2015-05-17T06:10:39.510Z,169.9043,-19.52,-23.93,4.6
2011-04-30T03:10:07.990Z,167.63,-19.35,-24.2,4.6
2013-01-16T17:58:03.320Z,167.754,-17.85,-24.3,4.9
2014-01-19T03:07:12.150Z,167.7106,-19.2254,-24.36,4.6
2015-06-18T07:28:55.190Z,169.6209,-19.1355,-24.41,5.4
2017-06-07T10:13:41.010Z,167.7726,-18.5595,-24.46,4.9
2019-09-09T09:37:59.030Z,168.3934,-19.5039,-24.78,5.4
2005-10-18T01:19:20.500Z,167.534,-19.172,-25,4
2010-09-02T13:16:23.160Z,167.854,-18.002,-25.1,4.1
2022-06-02T18:05:59.975Z,168.1716,-18.0483,-25.27,4.7
2025-07-18T18:13:36.800Z,168.1927,-17.8095,-25.311,4.4
2018-05-15T06:36:57.010Z,167.7618,-19.6383,-25.41,4.4
2014-05-06T18:47:53.610Z,168.8132,-19.0261,-25.42,4.3
2018-08-08T07:51:55.600Z,167.6908,-19.2458,-25.43,4.8
2016-05-17T00:55:29.750Z,167.7883,-19.6511,-25.6,4.3
2025-07-29T13:45:48.064Z,167.9304,-18.1853,-25.671,4.5
2023-11-11T12:35:30.418Z,168.1049,-17.9168,-26,5.6
2017-08-08T20:51:42.910Z,167.9899,-19.7076,-26.04,4.4
2011-08-25T15:31:10.920Z,167.591,-18.753,-26.1,5
2011-08-31T14:23:36.750Z,167.64,-18.797,-26.2,4.9
2015-09-01T23:06:28.760Z,167.7275,-19.2237,-26.52,5
2024-12-17T06:08:20.651Z,168.0558,-17.8736,-26.528,4.2
2013-06-16T06:26:12.480Z,167.764,-19.313,-26.6,4.9
2020-01-23T12:54:24.148Z,167.4149,-19.252,-26.66,4.6
2013-06-16T06:22:11.630Z,167.749,-19.258,-26.7,4.4
2011-08-21T16:40:48.310Z,168.04,-18.297,-26.7,4.3
2016-03-06T22:28:57.550Z,167.9785,-19.6519,-26.71,4.4
2017-03-26T10:00:26.410Z,167.7068,-19.0706,-26.74,4.4
2012-03-09T09:07:16.830Z,169.747,-19.205,-26.9,4.8
2020-01-19T11:58:38.831Z,169.6514,-19.4838,-26.93,4.5
2014-07-26T02:25:31.800Z,167.62,-18.7137,-26.93,4.1
2013-08-30T11:35:09.510Z,168.2034,-18.3656,-27.14,5
2013-08-08T23:49:37.750Z,167.9377,-19.6845,-27.68,4.7
2019-06-16T06:41:28.896Z,168.1663,-18.3402,-27.77,4.2
2010-08-11T20:20:11.030Z,167.781,-17.988,-27.8,5.5
2020-10-01T00:17:13.519Z,168.6234,-18.1589,-27.81,4.2
2024-10-27T23:44:39.527Z,168.1259,-18.3644,-27.834,4.8
2013-03-19T08:01:12.230Z,168.213,-19.205,-27.9,4.9
2018-06-21T21:13:32.660Z,168.0568,-17.7905,-28,6.1
2011-08-20T18:19:23.550Z,168.218,-18.311,-28,7.1
2011-01-01T23:35:26.440Z,167.819,-19.267,-28.2,5
2011-08-20T17:02:46.200Z,168.208,-18.633,-28.5,5.3
2005-09-01T23:11:56.070Z,167.716,-17.858,-28.5,4.9
2006-10-05T09:49:21.310Z,167.664,-17.946,-28.6,4.7
2012-03-08T03:51:35.040Z,167.152,-17.895,-28.9,5.2
2011-09-11T23:37:34.890Z,167.734,-18.188,-29,5.8
2016-11-27T08:55:31.830Z,167.3517,-18.2125,-29.05,4.3
2015-09-01T08:57:21.730Z,167.834,-19.1578,-29.12,5.1
2011-08-24T23:29:06.570Z,167.761,-18.261,-29.2,4.9
2015-11-08T15:20:52.680Z,167.9905,-17.8411,-29.31,4
2012-04-13T12:52:01.630Z,167.986,-17.894,-29.5,4.8
2004-01-25T08:57:01.580Z,168.417,-18.097,-29.7,4.2
2013-08-29T19:09:29.930Z,170.6998,-19.5013,-29.72,4.5
2013-07-30T20:54:00.010Z,169.513,-19.521,-29.9,4.7
2005-04-09T16:29:09.180Z,169.529,-17.896,-30,4.7
2004-10-18T20:19:04.230Z,170.028,-19.694,-30,4.3
2004-09-10T10:54:11.800Z,167.535,-17.979,-30,4.4
2024-12-17T04:18:41.361Z,168.0086,-17.8874,-30.324,5.4
2011-10-09T15:06:37.400Z,168.083,-19.056,-30.6,4.5
2018-07-23T19:11:16.100Z,168.6441,-18.7291,-30.78,4.8
2016-08-24T10:02:02.640Z,169.6318,-19.5874,-30.86,4.7
2019-09-07T22:57:41.323Z,170.0294,-19.7544,-30.93,4.4
2024-01-23T14:33:45.022Z,168.0499,-17.9827,-31,6.3
2023-06-02T13:53:31.479Z,168.0706,-18.3848,-31.116,4.9
2004-12-20T03:32:23.530Z,167.398,-18.203,-31.2,4.5
2011-08-22T15:17:05.150Z,167.634,-17.785,-31.4,4.6
2006-10-09T17:15:32.420Z,168.327,-18.343,-31.4,4.3
2016-09-12T22:15:51.470Z,168.3427,-18.1433,-31.5,4.7
2013-07-23T03:54:25.940Z,168.187,-18.433,-31.8,4.5
2011-08-20T17:24:10.440Z,168.154,-18.639,-31.8,4.7
2016-06-28T19:00:55.540Z,168.0939,-18.2523,-31.87,4.5
2011-08-31T14:19:03.540Z,167.711,-18.322,-31.9,4.7
2011-08-20T16:55:02.810Z,168.143,-18.365,-32,7.2
2008-11-18T12:46:03.000Z,169.467,-19.036,-32.2,4.9
2020-02-13T12:47:36.882Z,169.4644,-18.8571,-32.3,4.6
2011-08-25T16:16:32.160Z,167.539,-18.679,-32.4,5
2004-12-20T18:17:21.330Z,167.984,-19.433,-32.4,4.3
2025-07-13T06:16:53.448Z,168.3777,-18.1332,-32.428,5.3
2005-03-15T20:05:27.880Z,168.556,-19.47,-32.6,5.1
2020-12-09T02:11:24.460Z,168.4822,-18.8974,-32.68,4.4
2004-12-24T19:39:03.170Z,167.771,-19.134,-32.8,4.7
2023-05-19T15:48:29.931Z,167.8804,-18.0724,-32.963,4.4
2004-12-24T19:36:38.680Z,167.75,-19.205,-33.1,5
2019-12-11T01:34:28.360Z,168.1828,-18.5819,-33.12,5.1
2012-02-26T22:50:20.240Z,167.793,-19.287,-33.2,4.9
2023-11-11T12:48:26.798Z,168.0468,-17.973,-33.247,4.3
2011-08-21T01:24:12.720Z,168.106,-18.582,-33.4,5.4
2010-09-28T13:04:00.820Z,169.519,-19.335,-33.4,4.5
2019-10-29T11:36:51.274Z,168.6914,-19.2559,-33.49,4.4
2011-08-25T00:05:05.310Z,167.75,-18.44,-33.6,4.6
2009-06-02T02:55:14.820Z,167.885,-17.777,-33.7,5.5
2021-11-13T10:02:24.033Z,169.8023,-19.5133,-33.86,4.5
2009-06-02T05:06:27.400Z,167.608,-17.804,-33.9,4.9
2011-11-05T01:49:18.830Z,168.304,-18.241,-34,5.9
2004-10-03T18:38:43.060Z,169.874,-19.629,-34,5.2
2004-07-05T23:48:56.490Z,167.647,-19.511,-34.1,4.6
2011-08-25T18:21:36.690Z,167.312,-18.584,-34.2,4.9
2004-12-24T21:18:19.890Z,167.838,-19.35,-34.3,4.5
2011-03-19T12:11:16.130Z,167.97,-19.471,-34.5,5.2
2006-08-08T21:17:00.460Z,167.624,-18.347,-34.6,5
2012-12-11T23:16:23.170Z,167.736,-18.987,-34.9,5
2006-10-13T09:44:42.150Z,167.887,-19.075,-34.9,4.4
2016-07-09T22:06:56.990Z,168.3118,-18.2272,-34.93,4.8
2017-08-11T18:54:06.910Z,168.9186,-19.5319,-34.96,4.6
2004-12-25T22:25:39.700Z,167.694,-19.078,-35.1,5
2011-08-21T02:09:15.820Z,168.165,-18.6,-35.2,5.5
2006-12-13T04:01:57.250Z,167.673,-18.06,-35.4,4.7
2006-08-19T11:59:23.200Z,167.91,-19.731,-35.6,4.9
2003-06-03T21:09:03.140Z,167.247,-18.224,-35.6,5.6
2025-06-02T07:25:22.261Z,168.066,-18.298,-35.62,4.9
2013-04-23T19:38:38.980Z,168.771,-19.673,-35.7,4.2
2021-12-19T12:40:03.357Z,169.6933,-19.185,-35.95,4.9
2013-08-30T21:40:26.330Z,170.1307,-19.46,-35.97,4.6
2010-08-10T14:02:48.020Z,167.785,-18.165,-36,4.5
2015-08-18T15:36:09.770Z,168.233,-18.1567,-36.1,4.8
2016-05-29T21:30:15.340Z,167.2515,-18.2053,-36.13,4.5
2018-10-29T04:16:47.620Z,169.8489,-19.7464,-36.24,4.4
2009-01-02T08:36:01.350Z,168.472,-19.76,-36.3,4.5
2023-05-28T14:48:19.903Z,168.11,-18.3262,-36.359,4.4
2012-03-14T03:14:59.910Z,169.816,-19.746,-36.4,4.7
2012-12-14T09:55:47.490Z,169.584,-19.14,-36.6,4.6
2012-06-22T20:24:16.980Z,168.52,-19.16,-36.6,4.8
2023-03-25T19:57:56.914Z,167.9673,-18.1967,-36.616,4.8
2010-11-24T23:56:24.700Z,168.273,-17.963,-36.8,4.7
2025-03-28T01:20:04.771Z,168.8176,-19.2093,-37,5.7
2011-09-04T21:44:18.060Z,168.705,-19.18,-37,5.8
2020-11-14T20:59:06.816Z,168.8971,-19.5414,-37.08,4.8
2009-06-02T05:10:35.980Z,167.479,-17.824,-37.1,4.7
2008-04-15T19:11:43.150Z,169.237,-19.664,-37.1,4.6
2005-04-30T14:37:39.670Z,168.121,-18.249,-37.1,4.5
2023-06-03T01:06:51.657Z,168.0986,-18.4357,-37.26,4.9
2005-04-08T06:02:27.170Z,168.103,-18.349,-37.3,4.5
2004-12-19T03:07:49.870Z,167.694,-19.107,-37.4,5.3
2011-04-29T16:00:42.560Z,167.884,-19.401,-37.6,4.9
2008-08-02T14:20:55.800Z,167.541,-19.602,-37.7,4.5
2019-01-25T19:40:42.240Z,168.6132,-19.1235,-37.8,5
2009-05-10T22:06:49.560Z,168.032,-18.212,-37.9,4.3
2024-06-07T11:28:30.124Z,168.0394,-18.1336,-37.97,4.4
2015-03-28T00:48:43.550Z,169.6875,-19.2506,-37.97,4.3
2011-08-20T18:26:45.030Z,167.855,-18.209,-38.1,5.1
2016-10-15T23:37:49.370Z,168.2804,-18.9264,-38.11,4.3
2008-10-23T14:44:10.110Z,169.239,-19.213,-38.3,5.1
2006-03-01T19:00:50.720Z,168.667,-19.125,-38.3,4.9
2021-12-07T16:51:34.763Z,168.1676,-18.157,-38.38,4.9
2025-01-04T02:39:50.580Z,168.1697,-17.7879,-38.581,4.2
2011-08-20T17:11:34.400Z,167.806,-18.343,-38.6,5.4
2021-05-11T14:10:08.676Z,168.6707,-19.0372,-38.62,4.3
2019-01-18T13:18:31.030Z,168.7446,-19.2036,-38.67,6
2005-04-22T07:59:33.220Z,169.467,-18.686,-38.7,4.7
2011-04-17T14:14:24.640Z,168.013,-17.79,-38.8,4.2
2005-02-23T10:40:32.530Z,168.375,-18.069,-38.8,5.3
2011-08-22T02:52:25.520Z,167.789,-18.191,-38.9,5
2011-08-20T17:10:55.260Z,168.151,-18.352,-39,4.7
2011-08-02T10:32:13.690Z,169.358,-18.716,-39,4.8
2024-12-17T05:38:50.127Z,167.7953,-17.9534,-39.245,4.4
2006-01-07T01:50:00.480Z,167.929,-17.793,-39.3,4.4
2018-11-26T22:47:00.220Z,169.7463,-19.2273,-39.36,4.9
2024-12-17T13:50:02.171Z,167.8397,-18.0041,-39.565,4.2
2019-10-10T16:43:30.422Z,168.4192,-18.6107,-39.65,4.5
2004-04-06T07:16:01.880Z,168.833,-19.548,-39.8,4.8
2025-05-17T17:00:43.125Z,168.4127,-18.3323,-39.846,4.3
2020-11-14T06:42:33.865Z,168.8591,-19.5831,-40,5.4
2007-08-05T09:28:39.830Z,168.718,-19.148,-40,6
2005-08-01T05:33:16.360Z,167.853,-17.772,-40,4.8
2010-08-21T01:16:50.350Z,167.451,-17.882,-40.1,4.6
2007-11-22T20:30:20.210Z,168.75,-19.161,-40.1,5.1
2019-10-22T07:22:15.360Z,169.8645,-19.7106,-40.36,4.3
2013-01-13T16:03:46.430Z,167.79,-18.236,-40.4,4.7
2012-03-25T20:45:45.700Z,168.75,-19.108,-40.4,5
2010-06-01T16:47:32.010Z,169.103,-17.876,-40.4,5.7
2012-04-13T04:15:10.450Z,168.086,-18.25,-40.7,5
2011-03-21T07:19:46.180Z,168.698,-19.07,-40.8,4.9
2010-10-20T14:52:32.250Z,168.048,-19.747,-40.9,4.5
2004-09-04T08:58:47.240Z,167.888,-18.055,-40.9,5
2024-12-17T04:41:35.448Z,167.9841,-18.0268,-40.926,4.6
2008-07-26T00:19:04.430Z,168.875,-19.1,-41.4,4.8
2011-08-31T09:56:21.040Z,167.53,-18.755,-41.5,4.9
2024-01-23T18:54:19.995Z,168.1072,-18.0422,-41.673,4.7
2025-02-21T07:20:55.955Z,168.9434,-19.4988,-41.683,5.1
2011-02-21T00:33:01.600Z,167.541,-18.056,-41.7,4.3
2022-04-23T11:59:10.387Z,168.3529,-17.8311,-41.75,4.5
2024-12-17T05:02:55.362Z,167.8332,-18.0177,-41.8,4.7
2024-01-23T17:36:47.447Z,168.0858,-18.0552,-41.925,4.4
2020-01-13T16:19:48.530Z,168.3189,-17.8314,-42.02,4.3
2022-09-07T10:47:33.152Z,168.2141,-18.3268,-42.07,4.9
2013-03-05T11:40:21.800Z,167.746,-19.453,-42.2,5
2010-11-02T23:08:07.100Z,168.56,-19.19,-42.2,5.5
2007-11-10T19:07:34.020Z,167.899,-18.437,-42.2,4.3
2016-02-05T13:42:12.160Z,168.2547,-18.7963,-42.45,4.8
2013-10-20T23:40:53.290Z,169.2861,-19.7402,-42.45,4.4
2017-02-15T14:05:18.330Z,168.0354,-18.4893,-42.52,4.4
2024-12-17T03:48:17.059Z,168.0051,-17.9808,-42.546,5
2014-11-08T09:57:16.130Z,168.6315,-18.1818,-42.61,4
2011-08-30T08:20:56.650Z,167.231,-18.176,-42.8,4.9
2008-09-01T15:11:55.120Z,168.945,-19.283,-42.8,4
2016-02-08T12:05:54.510Z,168.5789,-19.2704,-43.09,4.9
2012-12-23T22:19:34.850Z,168.583,-18.981,-43.1,4.5
2025-01-08T11:07:28.330Z,168.1278,-17.8316,-43.221,4.1
2024-12-19T10:03:55.915Z,168.2484,-17.9766,-43.489,4.2
2011-01-29T03:08:32.360Z,168.214,-19.077,-43.5,5.1
2024-04-02T20:52:31.724Z,168.3174,-18.8811,-43.732,4.5
2016-06-04T21:59:16.510Z,168.2801,-18.2531,-43.8,5.2
2016-08-14T05:12:34.810Z,169.7358,-19.5553,-43.95,4.3
2012-05-20T21:15:18.140Z,169.42,-18.992,-44,4.9
2011-08-24T13:46:09.180Z,167.914,-18.331,-44,4.6
2024-12-17T06:32:56.433Z,167.9507,-17.8555,-44.058,4.3
2010-04-08T15:00:37.890Z,168.263,-18.154,-44.1,4.9
2006-07-31T18:55:20.620Z,167.974,-17.861,-44.2,5.2
2015-05-21T20:10:34.550Z,168.6716,-18.6214,-44.34,4.3
2011-09-01T12:30:01.060Z,167.159,-18.17,-44.4,4.9
2005-10-08T04:45:12.180Z,168.663,-18.861,-44.5,4.5
2011-12-26T16:12:33.210Z,168.704,-19.168,-44.6,5.5
2024-12-17T04:07:08.148Z,168.0693,-18.0173,-44.831,4.7
2009-03-20T14:21:49.300Z,167.459,-18.059,-45,5
2021-08-08T14:37:23.414Z,168.6552,-19.224,-45.33,4.8
2015-04-26T09:00:28.000Z,168.1767,-17.9969,-45.37,4.9
2007-06-21T12:40:12.560Z,168.234,-18.122,-45.4,5
2009-12-04T12:02:44.780Z,169.684,-19.555,-45.7,4.9
2007-05-09T10:40:02.340Z,168.233,-18.059,-45.7,5
2011-06-01T02:30:27.030Z,168.085,-18.173,-45.8,4.9
2006-07-31T18:59:18.370Z,167.944,-17.811,-45.8,5.2
2004-07-07T07:27:23.160Z,169.501,-19.198,-46,4.6
2010-05-13T10:37:46.680Z,167.512,-18.259,-46.1,4.1
2015-11-07T06:26:35.450Z,167.5511,-17.9769,-46.12,4.2
2015-05-19T02:01:54.930Z,168.1325,-18.1405,-46.19,4
2011-08-26T11:36:21.670Z,167.39,-18.553,-46.4,5
2008-12-28T12:30:51.550Z,168.621,-18.747,-46.4,4.2
2015-10-12T06:44:34.120Z,168.7358,-19.6399,-46.42,4.6
2014-07-07T01:05:47.850Z,167.8985,-18.2832,-46.62,4.5
2024-05-27T16:48:20.256Z,168.2077,-18.8391,-46.628,4.2
2018-04-05T19:25:08.930Z,168.6715,-19.0729,-46.67,4.9
2018-08-02T08:41:25.820Z,168.3294,-18.0171,-46.9,4.4
2024-12-17T05:14:37.243Z,167.8668,-17.8508,-47.439,4.2
2011-08-20T21:38:21.800Z,168.15,-18.183,-47.6,5.1
2024-12-17T03:37:43.306Z,167.9486,-17.8564,-47.879,5
2022-12-15T15:28:06.065Z,168.4045,-19.1918,-47.89,4.5
2012-05-22T13:54:19.900Z,168.773,-19.101,-48.1,4.3
2016-09-01T14:58:49.330Z,167.6471,-18.5596,-48.11,4.8
2018-12-31T15:55:21.210Z,168.4882,-18.4614,-48.2,4.7
2016-06-05T00:59:47.770Z,168.3815,-18.3345,-48.71,4.6
2016-09-29T11:53:04.480Z,168.0671,-18.2892,-48.8,4.4
2013-10-29T17:11:34.140Z,168.3586,-18.2255,-48.84,4.5
2024-12-17T06:57:45.823Z,167.8851,-17.9981,-48.92,4.4
2007-10-16T18:53:45.460Z,168.104,-18.087,-49.1,5.2
2016-05-19T01:32:17.460Z,168.2872,-17.9835,-49.12,4.6
2011-08-20T20:13:40.820Z,167.826,-18.122,-49.3,4.9
2008-07-23T14:29:40.180Z,167.27,-18.234,-49.5,4.2
2014-08-23T14:57:14.010Z,168.646,-18.5148,-49.54,4.7
2012-03-31T19:59:55.740Z,168.152,-18.326,-49.7,4.9
2025-08-11T12:14:18.301Z,168.0646,-18.2409,-49.79,4.7
2009-06-03T14:30:59.980Z,167.618,-17.836,-49.8,5
2017-03-29T23:56:38.220Z,168.9025,-19.3565,-49.93,5.4
2015-05-19T13:54:56.470Z,168.5853,-18.6153,-50,5.8
2006-02-04T14:18:50.470Z,167.92,-18.077,-50,4.8
2004-06-06T23:59:46.730Z,167.56,-18.116,-50,4.5
2008-03-21T22:29:19.280Z,168.183,-18.264,-51.4,5
2014-07-24T04:49:16.520Z,168.642,-19.5674,-51.65,4.7
2024-12-17T08:41:01.920Z,167.6412,-18.0322,-51.803,4
2004-07-07T09:04:54.600Z,168.996,-19.048,-52.5,4.4
2024-09-16T18:38:54.838Z,168.2406,-17.944,-52.741,4.3
2021-12-18T11:33:41.991Z,168.2019,-18.0952,-53.14,4.1
2020-12-26T18:52:33.383Z,168.4335,-18.4025,-53.37,4.8
2004-03-19T10:46:06.820Z,168.457,-17.827,-53.7,5
2009-06-02T18:16:21.270Z,167.726,-17.962,-53.8,4.6
2022-12-31T13:06:11.434Z,168.3867,-18.4818,-53.873,4.6
2012-08-12T09:04:16.910Z,168.788,-19.052,-53.9,4.6
2008-05-15T15:45:41.510Z,168.346,-19.72,-53.9,4.3
2012-06-22T05:22:42.450Z,167.715,-17.843,-54,4.9
2011-04-02T21:29:29.600Z,168.346,-17.972,-54,4.2
2011-12-29T20:05:51.880Z,168.173,-18.77,-54.1,5.2
2006-03-26T22:57:16.800Z,168.669,-19.217,-54.5,4.5
2012-05-08T13:19:14.870Z,168.762,-19.282,-54.8,4.7
2018-02-27T08:07:02.300Z,169.0518,-19.6746,-54.84,4.7
2011-09-06T06:25:38.130Z,168.518,-18.451,-55,4.7
2011-03-15T00:31:19.160Z,168.234,-19.666,-55,4.8
2024-12-17T18:29:16.662Z,168.0285,-17.8366,-55.138,4.7
2011-04-24T21:16:44.530Z,168.096,-18.334,-55.2,4.7
2022-06-13T02:42:16.383Z,169.0142,-19.227,-55.23,4.3
2018-04-29T20:23:38.830Z,168.4803,-18.7763,-56.04,5.2
2007-02-27T16:49:10.230Z,168.518,-17.812,-56.2,4.8
2024-12-17T05:17:00.469Z,167.9902,-17.9037,-56.45,4.6
2011-08-22T17:39:41.140Z,168.082,-18.337,-57.2,5
2009-07-09T16:04:28.330Z,167.021,-17.784,-57.2,4.9
2024-12-17T07:47:16.100Z,168.0421,-17.8156,-57.245,4.7
2012-02-22T00:50:43.760Z,167.051,-17.868,-57.3,5.1
2005-10-15T08:28:44.990Z,167.997,-17.876,-57.3,4.4
2022-01-26T11:11:41.700Z,168.5609,-19.2384,-57.45,4.9
2008-11-15T21:58:30.160Z,168.502,-19.093,-57.5,5
2022-01-05T01:08:02.011Z,168.3867,-17.88,-57.97,5
2024-12-17T05:34:24.986Z,167.8745,-17.9586,-58.386,4.2
2012-12-30T13:50:55.600Z,168.344,-18.464,-58.4,4.6
2010-12-23T16:01:34.420Z,168.469,-19.723,-58.6,5.3
2014-06-14T00:42:32.210Z,168.3853,-18.4545,-58.84,4.3
2018-06-25T10:18:15.310Z,168.1446,-17.8872,-58.93,4.5
2017-04-15T12:03:00.670Z,167.5514,-17.7811,-59.1,4.5
2006-02-07T10:14:27.340Z,168.09,-18.235,-59.1,5.6
2024-12-17T20:59:26.018Z,168.2959,-17.8854,-59.33,4.1
2011-09-14T08:09:26.260Z,167.514,-18.253,-59.7,4.9
2010-06-26T07:30:26.570Z,168.521,-18.113,-60.6,4.6
2015-04-28T13:03:18.540Z,168.18,-17.8271,-60.81,4.1
2017-05-19T12:58:37.540Z,169.4518,-18.7692,-61.13,4.2
2015-02-05T12:19:53.860Z,168.53,-19.1723,-61.49,4.7
2010-06-28T00:18:12.100Z,168.142,-18.343,-61.5,4.9
2025-06-07T01:40:09.063Z,168.564,-19.1418,-62.778,4.3
2016-10-07T03:16:12.260Z,168.3263,-17.8271,-63.27,4.4
2025-05-16T14:57:03.467Z,168.2859,-17.778,-63.396,4.6
2017-05-07T12:02:28.080Z,168.2827,-19.6029,-64,4.4
2012-02-23T17:59:18.760Z,167.186,-18.015,-64.5,4
2010-04-04T20:38:27.690Z,167.247,-17.971,-64.6,4.6
2014-09-13T18:56:43.630Z,168.1096,-18.4677,-64.69,4.7
2016-05-06T00:16:01.400Z,168.7841,-19.3805,-64.8,4.8
2011-04-30T12:21:01.520Z,168.07,-17.959,-65,4.6
2010-05-06T11:24:28.590Z,168.375,-18.768,-65.2,5.1
2011-07-12T14:49:47.380Z,168.896,-17.94,-65.9,4.9
2007-06-29T10:26:54.600Z,168.066,-18.329,-66.4,4.1
2012-03-16T18:46:38.240Z,169.768,-19.556,-66.6,4.9
2004-11-10T17:03:46.720Z,168.515,-18.336,-67.4,4.6
2023-10-29T04:32:07.316Z,168.8034,-19.3871,-68,6
2011-08-27T12:07:37.090Z,168.239,-18.182,-68.1,5.1
2008-04-17T05:02:26.910Z,168.275,-17.974,-68.1,4.9
2006-08-12T15:00:10.930Z,169.523,-19.249,-68.6,4.7
2020-11-03T18:17:45.707Z,168.3958,-17.9159,-69.21,4.8
2020-08-09T14:55:23.285Z,169.0151,-19.099,-69.61,4.3
2009-03-17T07:20:34.970Z,168.114,-18.153,-69.9,4.5
2015-07-06T14:15:00.290Z,168.5175,-18.4778,-69.91,4.5
2004-07-05T22:30:19.160Z,168.505,-19.515,-70,4.4
2015-04-01T00:32:06.510Z,168.5283,-18.385,-70.46,4.6
2013-10-07T22:43:16.060Z,168.8125,-19.3726,-70.53,4.4
2016-12-23T20:23:13.210Z,168.9103,-19.1164,-71.08,5
2009-11-25T12:03:55.590Z,168.327,-18.487,-71.3,4.9
2018-02-11T05:26:20.210Z,168.5341,-18.9168,-71.48,4.2
2024-12-17T15:10:13.443Z,168.1516,-17.7897,-72.889,4.6
2024-05-09T01:51:37.616Z,168.5519,-19.1247,-73.236,4.4
2019-06-25T07:48:00.779Z,168.7674,-18.5364,-73.27,4.4
2017-11-12T09:54:49.570Z,168.8153,-19.0946,-73.66,5
2011-03-19T05:23:14.610Z,168.349,-19.399,-73.8,4.9
2006-05-10T06:11:51.010Z,168.154,-18.539,-74.2,4.7
2024-07-19T10:30:59.281Z,168.8485,-19.5534,-74.455,4.2
2016-04-18T13:06:10.890Z,169.0934,-19.492,-76,5.9
2008-11-25T06:03:14.990Z,169.819,-19.434,-76.5,5.3
2013-06-11T19:12:55.760Z,168.375,-18.023,-76.6,5.4
2021-06-30T05:42:11.235Z,168.8075,-19.1336,-77.22,4.6
2007-09-22T05:07:30.100Z,167.825,-18.238,-77.5,4.4
2009-01-20T14:20:58.600Z,168.012,-18.093,-77.7,4
2015-06-12T02:03:05.230Z,168.7576,-19.0668,-77.88,4.6
2016-03-17T16:46:42.390Z,168.4717,-18.073,-79.22,4.3
2013-10-06T21:18:49.100Z,169.096,-19.7298,-79.3,5
2021-11-29T20:10:14.867Z,168.7461,-18.3576,-79.84,4.6
2024-01-19T08:49:10.120Z,168.6826,-18.8685,-80.561,4.9
2019-06-14T04:28:28.646Z,168.7944,-18.8997,-80.71,5.2
2012-06-05T07:20:52.600Z,168.324,-18.114,-80.9,5.2
2017-08-14T08:41:13.050Z,168.7432,-18.9672,-81.18,4.7
2010-11-22T15:48:43.650Z,168.067,-18.141,-82.4,4.2
2010-02-14T01:58:17.920Z,167.967,-18.489,-82.5,4.8
2020-05-29T01:27:10.276Z,168.0475,-18.1617,-82.57,4.3
2013-08-05T15:02:53.490Z,169.1339,-19.5236,-83.06,5
2008-06-20T23:59:33.850Z,168.53,-18.026,-83.7,4.3
2014-03-16T23:33:05.510Z,168.232,-18.6473,-83.88,4.3
2004-10-13T06:18:00.410Z,168.997,-19.7,-83.9,4.3
2020-03-28T17:48:16.243Z,168.3388,-17.8156,-84,5.8
2014-03-08T03:49:34.910Z,167.8297,-18.7489,-84.14,4.1
2006-02-11T07:52:41.590Z,168.287,-18.111,-84.4,4
2004-04-18T08:07:39.260Z,169.366,-19.692,-85.1,4.2
2018-10-20T07:33:41.010Z,168.4296,-18.1658,-85.25,4.9
2012-02-26T13:13:04.900Z,168.997,-19.379,-85.6,4.8
2021-03-15T06:55:54.505Z,167.9446,-17.8152,-85.61,4.2
2003-05-18T01:31:48.500Z,168.824,-18.841,-85.9,5.5
2012-10-04T04:04:31.200Z,168.475,-18.447,-86.6,4.8
2017-08-19T11:36:06.970Z,169.8081,-18.6191,-89.4,4.6
2014-10-04T22:06:58.290Z,169.2158,-18.7831,-91.06,4.3
2017-09-03T11:13:08.780Z,169.1339,-19.1124,-91.18,4.5
2005-03-15T21:56:33.930Z,168.437,-19.519,-93.6,4.1
2011-10-17T01:46:36.030Z,168.504,-18.581,-93.7,4.7
2014-11-09T00:58:25.370Z,168.4349,-17.84,-95.33,4.1
2016-05-25T13:56:37.390Z,168.2075,-17.9262,-96.07,4.5
2018-07-21T13:56:50.060Z,168.5694,-18.1981,-96.78,4.4
2015-10-17T22:47:09.140Z,168.8335,-18.3459,-96.99,4.7
2024-06-27T08:25:15.468Z,168.3187,-18.0938,-97.427,4.8
2013-08-21T21:20:18.590Z,169.1699,-19.7605,-98.34,4.4
2019-06-12T17:40:06.532Z,168.7816,-18.7199,-98.41,4.7
2008-01-01T04:24:20.630Z,169.838,-19.168,-98.5,4.3
2020-06-30T22:10:09.644Z,169.2234,-19.5429,-98.54,5.1
2009-02-17T19:21:30.370Z,168.854,-18.851,-98.7,5
2004-11-19T12:28:40.410Z,169.466,-19.673,-99.1,4.2
2016-08-25T19:15:30.310Z,168.7051,-19.0024,-99.36,4.6
2005-11-29T09:35:13.540Z,169.375,-18.616,-100,4.2
2004-12-07T22:13:15.110Z,168.025,-18.778,-100,4.3
2003-11-23T08:58:50.710Z,169.006,-19.134,-100,4.2
2003-11-18T08:34:55.860Z,168.851,-18.928,-100,4.3
2012-03-20T15:05:58.600Z,169.33,-19.684,-100.5,5
2006-12-01T06:27:34.420Z,168.487,-18.363,-100.5,4.6
2015-11-18T21:49:57.600Z,168.9875,-19.213,-100.7,4.2
2020-06-10T02:18:49.466Z,168.8296,-18.5569,-101.09,4.3
2007-03-23T07:08:24.330Z,168.936,-18.802,-101.6,4.4
2004-05-19T21:49:28.700Z,168.983,-19.329,-101.6,4.8
2015-06-09T07:11:04.990Z,168.7156,-18.3616,-101.9,4.5
2004-08-26T06:13:31.400Z,168.749,-18.383,-102.5,4.1
2022-11-10T13:32:59.045Z,168.5182,-18.3002,-102.843,4.5
2008-04-09T15:08:15.480Z,168.501,-18.574,-103.3,4.6
2018-07-22T21:21:57.570Z,168.8868,-18.9577,-103.46,5.5
2011-06-13T23:07:58.320Z,168.916,-18.531,-103.6,4.8
2024-06-18T21:42:34.214Z,168.8633,-18.908,-103.665,5
2015-08-17T18:31:08.000Z,168.9133,-18.3829,-103.67,4.4
2014-07-03T10:42:33.030Z,169.3108,-19.474,-103.9,4.4
2012-11-08T03:23:36.690Z,168.724,-18.652,-104.5,4.7
2004-10-18T16:28:15.480Z,168.179,-18.013,-104.6,4.4
2019-05-10T08:44:53.554Z,169.1328,-19.74,-105,5.8
2017-08-18T00:31:38.350Z,169.0107,-18.9154,-105.09,4.3
2025-02-21T12:12:26.334Z,168.9202,-18.79,-105.099,4
2020-09-02T03:27:03.107Z,168.9171,-18.3738,-105.87,4.3
2009-05-07T06:48:07.410Z,168.99,-18.926,-106.1,4.5
2021-04-18T07:48:03.164Z,169.4474,-19.4055,-106.31,4.7
2024-03-25T07:16:42.992Z,169.0056,-19.69,-106.504,4.2
2018-09-26T04:55:09.830Z,169.1112,-19.3654,-106.53,4.5
2015-12-28T14:20:30.210Z,168.58,-17.9549,-106.6,4.6
2018-07-11T15:34:15.080Z,169.2982,-19.6642,-106.76,4.8
2017-11-01T13:20:27.220Z,168.8978,-18.6164,-107.14,4.3
2015-12-11T08:29:48.430Z,168.8071,-19.018,-107.73,4.6
2016-02-05T14:12:19.670Z,169.0573,-19.0752,-107.78,4.9
2012-02-18T22:41:03.410Z,168.506,-18.076,-107.9,4
2011-07-28T21:19:16.610Z,169.299,-18.934,-109.5,4.6
2004-07-12T14:29:01.390Z,168.179,-17.843,-110,4.1
2020-02-13T06:50:44.793Z,169.0155,-19.202,-110.07,5.1
2017-02-06T15:06:46.840Z,169.0827,-19.3228,-110.67,4.3
2013-06-10T14:49:21.190Z,168.807,-18.563,-110.8,4.3
2016-06-14T13:49:22.630Z,168.8279,-18.7609,-111,6.2
2025-01-26T07:06:43.909Z,168.7196,-18.4958,-111.387,4.2
2005-04-24T18:22:54.930Z,168.676,-18.706,-111.6,4.8
2021-12-10T00:56:52.115Z,168.8366,-18.8192,-111.76,4.5
2008-11-11T12:41:24.680Z,168.712,-18.544,-111.8,4.2
2003-04-12T08:09:08.340Z,168.642,-19.164,-111.8,4.5
2012-12-05T21:46:44.500Z,168.529,-17.859,-112.3,4.2
2014-09-03T03:36:46.090Z,169.2225,-19.4693,-112.74,4.4
2014-02-13T20:45:41.800Z,168.9549,-19.2861,-112.74,4.7
2015-04-03T06:57:19.960Z,168.7676,-18.4471,-113.34,4.4
2003-11-06T10:38:04.290Z,168.892,-19.262,-113.7,6.6
2020-03-05T23:53:19.314Z,168.9252,-18.4778,-113.71,4.6
2024-03-15T00:09:45.569Z,169.1014,-19.2851,-113.863,4.6
2023-09-08T23:17:28.677Z,168.4733,-18.1487,-113.865,4.3
2011-12-22T08:50:20.730Z,168.792,-19.292,-114.3,4.3
2024-06-05T09:50:40.677Z,169.2668,-19.5738,-114.992,4.4
2019-06-14T11:20:03.506Z,168.8924,-18.8864,-115.06,4.8
2005-08-25T03:07:44.720Z,168.729,-18.336,-115.2,4.5
2005-02-10T19:51:18.770Z,168.755,-18.41,-116,4.8
2013-12-24T03:57:23.480Z,168.5827,-18.5028,-116.19,4.1
2020-09-14T21:47:47.960Z,169.126,-19.0917,-117.95,4.4
2013-09-21T15:01:09.220Z,169.2948,-18.5427,-118.03,4.5
2019-05-26T04:58:08.703Z,169.2028,-19.3528,-118.7,4.7
2016-06-28T09:05:40.490Z,169.1379,-19.581,-118.73,4.7
2013-02-27T22:40:11.380Z,168.983,-19.208,-118.9,4.1
2006-05-03T07:40:27.410Z,168.501,-17.96,-119.1,5.4
2018-09-27T02:37:01.110Z,168.4813,-17.8689,-120.43,4.7
2024-02-12T06:10:46.512Z,169.1387,-19.3412,-120.486,5
2022-03-29T19:36:20.690Z,168.8963,-18.8831,-120.9,4.6
2019-07-26T23:08:26.426Z,168.5807,-17.8475,-121.48,4.3
2014-07-06T21:29:36.890Z,169.0838,-19.4424,-121.5,4.3
2024-11-28T23:26:45.239Z,169.1273,-19.6662,-121.818,4.6
2022-10-20T21:01:54.363Z,168.8465,-18.4525,-121.911,4
2014-08-18T07:15:52.480Z,169.0678,-19.1464,-122.86,4.4
2021-03-16T22:35:13.050Z,168.8664,-18.897,-123.01,4.1
2021-08-05T03:40:17.476Z,169.267,-19.1041,-123.08,4.5
2015-09-24T12:01:01.400Z,169.2185,-19.1986,-123.09,4.7
2023-12-31T10:16:46.622Z,168.9785,-19.0533,-123.396,4.4
2022-07-23T06:03:12.273Z,168.5264,-17.9181,-124.206,4
2013-10-22T23:59:09.870Z,168.8818,-18.834,-124.31,4.1
2014-01-17T00:20:22.400Z,168.8321,-18.32,-124.32,4.5
2006-11-12T17:58:47.040Z,168.937,-19.388,-124.7,4.5
2011-08-23T10:42:01.490Z,169.136,-18.705,-124.8,4.3
2022-07-16T22:18:38.254Z,169.3625,-19.0431,-125,4.3
2008-08-21T19:38:10.430Z,169.336,-19.21,-125.4,4.5
2018-06-18T05:31:28.030Z,169.0294,-19.2343,-125.87,5.4
2024-03-21T04:19:10.401Z,168.5753,-17.7906,-126.485,4.4
2007-12-20T08:52:24.020Z,168.831,-18.745,-126.6,4.5
2023-09-27T08:38:46.376Z,169.0513,-19.0013,-126.681,4.5
2024-05-12T00:09:22.568Z,168.8302,-18.8082,-127.036,4.5
2020-12-25T03:35:49.760Z,168.8265,-18.5,-127.42,4.7
2024-07-24T18:58:30.530Z,168.8839,-19.273,-127.502,4.3
2014-01-02T06:13:08.930Z,169.4522,-19.6392,-127.75,4.3
2020-02-27T01:41:08.884Z,169.41,-19.7572,-128.45,4.4
2023-07-27T18:44:32.473Z,168.1027,-18.2706,-128.909,4.3
2006-04-20T20:43:28.500Z,168.83,-18.858,-129,4.7
2024-11-30T02:22:58.331Z,169.1769,-19.6057,-129.778,4.4
2005-04-01T10:48:35.560Z,169.328,-19.143,-129.9,4.4
2021-05-13T10:15:42.883Z,169.384,-19.5717,-130.58,4.6
2007-02-25T08:06:43.020Z,168.606,-18.436,-130.6,4.7
2020-11-14T17:24:23.109Z,169.5224,-19.3248,-130.9,4.4
2020-04-08T23:17:40.722Z,169.2017,-19.5438,-131.28,4.4
2016-11-27T14:42:14.660Z,168.8983,-18.9166,-131.54,4.1
2023-06-10T21:06:43.743Z,169.2852,-19.3866,-131.691,4.3
2019-12-06T13:28:08.621Z,169.1403,-18.9353,-131.95,4.5
2014-03-22T15:11:59.070Z,169.5612,-19.7477,-131.95,4.2
2021-08-09T16:47:23.556Z,169.4139,-19.1067,-132.05,4.3
2014-11-01T18:29:30.110Z,168.45,-17.9034,-132.27,4.5
2014-05-08T14:04:42.720Z,168.9711,-19.379,-132.39,4.1
2021-10-27T22:58:09.456Z,168.6524,-17.9215,-132.76,4.1
2021-05-11T04:45:57.447Z,169.2,-18.9355,-133.09,4.7
2019-03-03T21:54:28.030Z,168.4875,-17.878,-133.31,4.4
2015-09-26T21:42:49.250Z,168.9009,-18.606,-133.4,4.3
2011-03-26T18:41:52.620Z,169.478,-18.431,-133.5,4.7
2005-09-12T19:41:23.450Z,169.124,-19.356,-133.6,4.1
2018-08-22T12:22:56.570Z,169.0305,-19.2288,-133.89,4.7
2004-10-30T20:55:50.660Z,168.44,-19.091,-134.3,4.6
2013-06-24T18:12:40.200Z,169.416,-18.968,-134.6,4.5
2015-06-30T20:00:27.360Z,169.2143,-19.2679,-134.61,4.6
2015-02-11T19:37:40.220Z,168.7875,-19.1303,-134.73,4.4
2019-01-30T00:29:36.220Z,169.0187,-19.2207,-135.21,4.1
2016-03-31T16:36:01.720Z,169.2325,-19.4073,-135.4,4.2
2018-01-30T08:25:22.260Z,168.7258,-17.7945,-135.74,4.5
2019-06-13T12:12:30.030Z,168.3597,-17.8602,-135.89,4.8
2010-12-19T00:02:21.020Z,168.674,-18.498,-136.3,4.8
2008-03-19T12:44:10.070Z,169.372,-19.549,-136.4,3.9
2020-12-12T12:50:56.879Z,169.0161,-18.8233,-137.22,4.6
2004-12-10T00:53:54.990Z,169.015,-18.928,-137.5,5.8
2020-11-09T20:30:21.199Z,169.1693,-18.9121,-137.54,4.2
2006-05-03T08:07:22.350Z,168.197,-18.148,-137.6,4.3
2004-09-07T22:07:08.160Z,168.477,-17.876,-137.8,4.7
2023-08-13T02:16:37.697Z,168.4425,-17.9914,-138.492,4.4
2023-09-08T17:19:10.078Z,168.5939,-18.6913,-138.531,4.3
2004-03-01T16:48:07.700Z,169.223,-19.081,-139.7,4.3
2022-08-16T19:56:58.764Z,168.6437,-17.9134,-139.96,4.1
2007-12-17T20:12:32.960Z,169.3,-19.474,-140,5.1
2010-05-29T18:02:32.000Z,169.196,-19.372,-140.1,5
2005-07-10T09:02:41.000Z,169.315,-19.138,-140.5,4.3
2007-08-10T05:16:38.350Z,169.171,-19.348,-141.3,4.4
2021-05-12T16:52:43.863Z,168.6144,-17.8874,-141.57,5.1
2017-02-16T21:59:01.730Z,169.2781,-19.2135,-141.58,4.6
2021-10-16T08:08:24.342Z,169.4313,-19.2755,-142.07,4.2
2017-02-19T16:26:05.520Z,169.3635,-18.573,-142.23,4.3
2005-06-26T11:00:00.950Z,169.035,-19.222,-142.4,4.5
2007-10-11T15:43:10.050Z,169.117,-19.16,-142.5,4.2
2003-08-09T17:11:55.750Z,169.126,-19.647,-142.5,4.6
2022-05-20T23:12:19.756Z,169.3074,-19.39,-143.14,4.6
2018-09-11T21:54:09.070Z,168.6551,-18.7826,-143.56,4.5
2015-05-09T11:30:55.230Z,168.4804,-17.9333,-143.77,4.9
2016-06-13T11:31:29.950Z,169.6567,-19.0387,-143.96,4.3
2010-07-15T17:42:24.910Z,168.93,-18.727,-144,4.6
2017-02-28T20:12:41.270Z,169.2892,-18.9711,-144.15,4.5
2009-10-02T01:06:29.790Z,168.884,-18.765,-144.2,4.7
2018-05-20T11:14:30.510Z,169.2098,-19.4056,-144.48,4.5
2024-10-07T09:36:58.446Z,169.0635,-19.6019,-144.989,5.4
2019-05-25T10:31:10.827Z,169.0424,-18.9971,-145,5.7
2012-02-05T00:15:38.900Z,168.917,-18.894,-145,6.1
2021-07-02T14:27:01.852Z,169.2675,-19.2386,-145.22,4.7
2018-03-27T17:03:29.750Z,168.5,-18.1184,-145.71,4.4
2011-05-09T22:02:21.330Z,169.002,-19.149,-145.9,4.9
2023-07-13T13:52:36.989Z,168.5656,-18.0669,-145.975,4.3
2014-08-04T03:45:52.160Z,168.9816,-18.663,-146.18,4.1
2024-09-27T22:04:26.006Z,169.0156,-19.378,-146.283,4.6
2016-01-14T11:04:28.310Z,169.0817,-18.8835,-146.34,4.4
2006-09-29T06:18:57.640Z,169.198,-19.301,-146.9,4.7
2021-10-03T09:45:56.734Z,169.149,-19.1707,-147.56,4.9
2020-07-20T11:48:52.269Z,169.158,-19.0047,-147.59,4.7
2023-07-08T01:26:38.213Z,168.4309,-17.9217,-147.611,4.6
2017-09-08T20:14:13.360Z,169.1954,-18.9413,-147.63,4.8
2019-03-23T00:09:13.820Z,169.1625,-19.4094,-147.88,4.7
2015-03-27T12:09:23.240Z,168.5422,-17.8973,-148.45,4.1
2016-04-25T19:00:52.440Z,169.304,-19.3088,-148.48,4.1
2008-05-09T23:10:57.310Z,169.132,-19.348,-148.5,4.8
2006-10-10T01:26:11.560Z,168.598,-17.865,-148.5,4.2
2018-04-09T22:07:57.270Z,169.0292,-18.9953,-148.65,4.1
2020-11-09T10:12:41.349Z,169.1234,-19.283,-149.03,4.2
2019-01-22T05:32:09.040Z,169.2318,-19.4468,-149.06,4.5
2012-12-18T23:56:57.670Z,168.391,-17.934,-149.4,4.9
2008-07-05T12:14:51.460Z,169.07,-19.127,-149.4,4.9
2006-05-19T21:50:35.640Z,169.264,-19.174,-149.4,4.5
2024-05-25T19:58:44.885Z,168.6587,-18.8384,-149.878,4.3
2019-08-06T22:14:14.863Z,168.5844,-17.9594,-150,5.9
2013-05-10T11:18:41.800Z,168.551,-17.997,-150.1,4.6
2024-01-15T16:43:07.427Z,168.754,-18.7157,-150.788,5.1
2018-09-26T16:50:34.170Z,169.3082,-19.6042,-151.36,4.5
2016-12-03T01:00:24.280Z,169.3393,-19.1637,-151.51,4.5
2017-05-14T00:54:09.660Z,168.971,-19.0493,-151.87,4.2
2008-03-28T23:04:54.680Z,168.436,-17.88,-152.4,5
2008-12-05T02:01:33.370Z,169.169,-19.249,-152.8,4.6
2014-12-16T23:24:02.260Z,169.3667,-19.0196,-152.81,4.3
2010-02-21T02:18:24.910Z,169.261,-19.254,-153,4.8
2024-02-16T20:47:29.448Z,168.5481,-17.9616,-153.049,5.2
2023-01-15T04:32:55.308Z,168.513,-17.8987,-153.53,4.8
2012-05-08T07:37:41.400Z,168.834,-18.67,-153.9,4.7
2019-11-13T08:57:44.431Z,168.5813,-17.9434,-153.93,4.4
2017-02-07T00:07:28.640Z,169.0783,-19.2754,-154.26,4.3
2005-09-23T21:52:38.430Z,169.162,-19,-154.3,4.5
2023-12-29T11:02:48.498Z,169.0676,-19.1705,-154.522,4.7
2016-11-27T20:13:00.320Z,169.0275,-18.6098,-154.53,4.6
2022-02-16T01:35:29.473Z,168.8787,-18.693,-155.03,4.6
2020-07-24T13:29:39.747Z,169.1568,-19.1976,-155.78,4.4
2004-06-08T18:29:30.330Z,168.891,-18.807,-157.3,4.2
2005-05-22T20:45:43.460Z,169.273,-19.351,-157.5,3.9
2017-07-19T09:07:54.000Z,170.3054,-17.9325,-157.89,4.4
2025-06-13T23:00:20.978Z,168.501,-17.8763,-157.959,5
2022-10-29T03:49:58.800Z,169.2858,-19.4801,-158.235,4.2
2019-01-04T15:03:28.730Z,169.1612,-19.0535,-158.67,4.3
2016-06-06T06:26:01.050Z,168.6824,-18.1168,-159.07,4.3
2014-09-20T17:40:32.120Z,169.0286,-19.1198,-159.99,4.6
2013-12-06T00:59:19.050Z,168.9276,-19.1495,-160.01,4.8
2022-09-07T19:59:15.017Z,168.6764,-18.0416,-160.499,4.4
2004-04-09T11:22:15.810Z,169.301,-19.138,-160.7,4
2017-01-27T09:41:41.460Z,168.5039,-18.1679,-160.96,4.2
2009-01-07T21:47:56.330Z,169.178,-19.359,-161,4.1
2006-10-03T18:03:13.430Z,169.001,-18.84,-161,6.3
2019-03-22T18:28:28.413Z,169.1444,-18.5822,-161.06,4.4
2022-08-10T06:59:27.022Z,169.2564,-19.2688,-161.266,5.2
2021-08-31T06:33:01.665Z,168.9343,-18.8871,-161.45,4.5
2008-06-17T00:19:41.310Z,168.575,-18.704,-161.5,4.7
2012-02-02T10:44:09.220Z,168.454,-17.927,-161.9,4.8
2021-07-29T03:16:06.277Z,168.9798,-19.1039,-162.07,4.8
2015-05-05T08:02:46.740Z,168.9546,-19.0253,-162.09,5.2
2024-08-16T06:43:21.666Z,169.235,-19.2393,-162.482,4.3
2012-03-03T13:04:57.910Z,169.129,-19.416,-162.5,4.6
2023-08-22T18:43:34.656Z,169.0597,-19.0826,-162.549,4.4
2024-10-17T19:01:00.624Z,169.015,-18.8635,-162.646,4.7
2008-10-02T01:04:04.060Z,168.735,-19.36,-162.8,5
2014-10-25T21:12:21.590Z,169.1041,-19.2187,-162.85,4.9
2022-12-02T08:32:18.693Z,168.5474,-17.9376,-163.271,4.4
2020-03-11T07:11:59.768Z,169.1995,-18.1656,-163.31,4.5
2016-02-21T19:25:49.100Z,169.2145,-18.9611,-163.52,4
2022-11-21T14:40:22.798Z,169.1157,-19.354,-163.793,4.4
2014-06-29T23:15:22.050Z,169.2579,-19.2238,-163.93,4.7
2021-07-29T20:15:26.437Z,168.7516,-18.0453,-164.37,4.2
2023-09-09T00:45:43.888Z,168.9232,-18.8902,-164.408,5
2014-03-08T07:03:59.940Z,169.0943,-19.2015,-164.5,4.7
2022-08-13T15:06:26.026Z,169.1364,-19.1188,-165.608,4.6
2018-07-13T09:46:49.070Z,169.0467,-18.9279,-167,6.4
2016-07-20T15:13:16.520Z,169.0547,-18.9285,-167,6.1
2011-10-11T19:40:53.900Z,169.173,-19.155,-167.4,4.6
2013-12-14T15:15:27.350Z,169.119,-19.1681,-167.63,4.5
2024-09-07T03:44:37.752Z,169.1548,-18.731,-168.414,4.3
2004-04-12T02:56:10.680Z,169.538,-19.392,-170,4.2
2010-10-02T06:31:51.460Z,168.945,-19.023,-170.5,4.7
2015-05-03T11:14:55.860Z,169.1575,-18.9049,-171.52,4.1
2021-10-06T19:15:14.890Z,169.0359,-18.9686,-171.77,4.3
2004-11-27T10:41:16.400Z,168.882,-19.321,-171.8,4.1
2014-03-28T06:20:36.190Z,169.0668,-19.207,-171.85,4.6
2014-07-29T10:31:02.590Z,169.0046,-18.7809,-175.01,4.6
2016-08-20T14:58:22.380Z,168.9167,-19.41,-175.72,4.2
2021-07-16T03:33:29.668Z,169.2234,-19.1866,-175.74,4.2
2008-12-05T16:13:06.300Z,169.142,-19.167,-175.8,4.4
2006-05-04T11:11:34.940Z,168.83,-19.158,-176.1,4.2
2016-11-27T22:37:01.440Z,168.9958,-18.8991,-176.26,4.8
2003-10-17T07:02:07.140Z,169.047,-19.229,-176.8,4.7
2014-03-05T11:14:00.220Z,169.269,-19.3051,-177.76,4.2
2015-09-15T11:33:11.110Z,169.523,-17.9314,-179.85,4.2
2014-02-19T23:02:30.170Z,169.0159,-18.8376,-180.25,4.2
2012-09-02T08:13:31.230Z,169.218,-19.184,-181.2,4.6
2013-11-15T16:00:48.430Z,169.5108,-19.2875,-182.55,4.5
2008-11-14T13:27:41.390Z,169.193,-19.348,-182.7,4.5
2018-10-12T12:34:46.570Z,169.0675,-18.2131,-182.82,4.3
2008-04-30T03:07:55.330Z,169.336,-19.665,-185,4.2
2006-11-14T12:45:06.680Z,169.131,-19.185,-185,4.2
2004-11-05T17:31:32.930Z,168.967,-18.579,-186.7,5.7
2019-01-31T05:50:20.500Z,169.5101,-19.5226,-186.82,5.4
2014-10-01T09:08:29.460Z,168.8807,-17.8917,-187.92,4.3
2008-09-03T09:55:56.910Z,169.048,-18.08,-188.8,4.3
2017-01-19T14:16:31.040Z,169.2763,-18.3182,-190.19,4.5
2006-07-28T01:20:30.070Z,168.867,-17.807,-190.2,4.6
2020-12-14T07:30:16.924Z,169.1565,-18.8507,-190.42,4.4
2021-10-29T08:39:44.807Z,169.2336,-18.8355,-190.66,4.1
2017-08-21T18:09:31.590Z,169.7253,-18.709,-190.69,4.3
2015-01-22T03:16:04.220Z,168.5277,-18.1927,-192.47,4.5
2017-06-06T08:39:29.350Z,170.0724,-18.5583,-193.37,4.1
2018-08-17T19:29:26.330Z,169.2264,-18.8788,-194.22,5.2
2013-11-14T19:23:41.880Z,169.4314,-19.7164,-194.72,4.1
2020-12-01T21:20:03.424Z,169.436,-19.0954,-194.99,4
2016-11-18T20:36:42.020Z,169.3318,-18.8163,-195.78,4.4
2017-09-20T20:09:49.610Z,169.0946,-18.7854,-197,6.4
2012-12-24T15:33:47.290Z,169.384,-18.995,-197.2,4.3
2018-09-22T14:27:44.980Z,169.1592,-18.8917,-197.43,4.4
2020-06-24T03:53:54.800Z,169.4597,-18.8701,-197.97,4.3
2019-07-03T13:31:27.250Z,169.2983,-19.0685,-198.08,4.6
2020-06-04T11:25:24.956Z,169.0696,-18.4958,-199.09,4.3
2008-04-22T20:22:34.420Z,169.527,-18.853,-200,3.5
2007-11-29T01:30:16.020Z,167.984,-18.991,-200,4.2
2005-03-04T02:32:03.510Z,169.843,-18.166,-200,4.5
2003-05-07T23:58:38.570Z,168.792,-18.73,-200,4.5
2003-01-19T20:47:46.510Z,168.632,-18.304,-200,3.8
2021-02-09T07:47:25.333Z,169.3106,-18.2277,-200.03,4.4
2017-06-01T17:48:38.970Z,169.33,-18.982,-200.2,4.6
2016-08-20T11:40:08.500Z,169.0529,-18.6728,-200.44,4.9
2022-05-17T19:56:39.647Z,169.5302,-19.1691,-200.8,4.2
2011-03-07T13:28:31.550Z,169.342,-19.229,-202.6,5
2018-02-27T05:17:58.250Z,169.2903,-18.8679,-203,5.5
2018-04-24T12:26:18.620Z,169.7923,-18.4967,-203.43,4.5
2021-10-30T00:13:25.143Z,169.4193,-18.9581,-203.75,4.3
2020-06-19T02:36:42.467Z,169.6028,-18.9382,-204.81,4.4
2023-04-12T23:05:13.873Z,169.2276,-18.9348,-205.374,4.4
2022-06-03T17:44:39.752Z,169.4132,-19.4052,-205.78,4.9
2007-07-16T18:51:46.620Z,169.301,-18.95,-206.1,4
2004-09-09T00:50:05.720Z,169.308,-18.726,-206.3,4
2024-11-26T12:35:20.718Z,169.3358,-19.0253,-206.502,4.4
2022-05-06T09:36:49.575Z,169.3862,-19.0275,-206.83,4
2015-09-02T01:26:31.710Z,169.3672,-18.8003,-206.97,4.6
2024-08-12T09:31:38.449Z,169.3889,-18.8,-207.32,4.2
2020-10-20T04:46:54.387Z,168.8785,-18.4425,-207.76,4.3
2017-02-11T09:38:45.290Z,169.2456,-18.9865,-207.77,4.5
2006-07-10T22:09:45.860Z,169.283,-18.976,-208,4
2020-08-17T20:51:25.055Z,169.8578,-18.4632,-208.78,4.1
2022-03-29T01:36:38.977Z,169.1094,-18.7762,-208.87,4.9
2019-11-19T02:18:44.884Z,169.088,-18.4914,-209.07,4.4
2015-05-20T22:02:54.640Z,169.3919,-18.3045,-209.5,4.2
2004-04-18T03:04:56.340Z,169.098,-18.865,-209.8,4.1
2015-05-13T18:37:18.160Z,169.0559,-18.6258,-209.91,4.8
2004-05-29T23:52:22.670Z,169.044,-18.459,-210,4.6
2020-10-12T23:49:48.476Z,169.4053,-19.3287,-210.7,4.9
2023-04-11T22:44:38.459Z,169.1985,-18.7093,-210.795,4.7
2020-01-16T21:24:01.839Z,169.1075,-18.5666,-210.94,4.3
2014-11-13T12:21:06.120Z,169.1149,-18.4981,-211,5.5
2025-04-25T10:59:28.027Z,169.1308,-18.8122,-211.214,4.2
2018-04-01T02:55:55.120Z,169.4268,-18.9697,-211.43,4.3
2020-06-21T20:13:10.484Z,169.1839,-18.8981,-211.67,4.6
2018-02-28T12:16:18.530Z,169.2664,-18.7662,-211.88,4.1
2016-11-04T05:45:03.520Z,169.2618,-18.9198,-211.9,5
2014-09-11T22:46:25.390Z,169.4297,-19.0119,-211.92,4.4
2014-02-28T06:03:11.080Z,168.9885,-18.1613,-212.57,4.2
2020-05-23T16:52:26.843Z,169.034,-18.5451,-212.58,4.7
2022-04-07T07:14:56.591Z,169.23,-18.9724,-212.71,4.2
2018-12-24T17:04:21.980Z,169.2388,-18.8173,-212.71,4.4
2016-06-12T09:49:13.450Z,170.1713,-18.3681,-212.78,4.4
2013-12-03T12:11:28.590Z,169.1162,-18.5899,-212.85,4.3
2020-08-27T15:20:29.799Z,169.5364,-19.2071,-213.15,4.3
2016-12-15T19:34:44.760Z,169.4145,-18.3534,-213.5,4.2
2010-09-25T09:10:13.900Z,168.885,-18.553,-213.7,4.2
2011-09-20T21:28:28.850Z,169.099,-18.789,-213.8,5.2
2017-09-09T09:34:03.990Z,169.3876,-19.5742,-213.81,4.1
2018-07-06T09:46:59.520Z,169.8591,-18.5712,-213.9,4.3
2014-10-16T01:03:38.630Z,168.9207,-18.4713,-214.26,4.3
2019-06-15T22:22:02.662Z,169.2488,-18.9439,-214.42,4.3
2013-10-11T03:16:43.990Z,169.4303,-18.8726,-214.48,4.2
2025-01-21T07:25:46.687Z,169.4161,-19.3987,-214.496,4.9
2019-01-10T06:08:31.360Z,168.9573,-18.4138,-214.65,4.2
2016-03-10T02:16:23.400Z,169.3078,-18.9832,-214.69,5.1
2018-04-15T11:27:17.070Z,169.2169,-19.1468,-214.74,4.5
2018-10-27T12:15:32.800Z,169.4573,-19.4905,-215.01,4.5
2014-12-08T11:17:03.010Z,168.8182,-18.508,-215.56,4.4
2013-11-23T09:04:30.220Z,168.8284,-18.3427,-215.61,4.6
2019-06-18T12:47:50.582Z,169.2828,-18.9358,-215.74,4.4
2004-05-20T20:12:27.630Z,169.103,-18.604,-216,4.4
2012-06-05T23:22:57.440Z,168.97,-18.78,-216.2,4.9
2008-11-11T04:16:28.840Z,169.05,-18.419,-216.2,4.1
2015-02-15T10:03:10.000Z,168.928,-18.601,-217.06,5
2021-07-29T11:00:59.023Z,169.2781,-19.1292,-217.2,5.1
2006-11-12T05:17:28.990Z,168.983,-18.792,-217.2,4.6
2013-07-18T18:42:22.020Z,169.117,-18.875,-217.4,4.7
2024-11-20T14:51:16.096Z,169.2885,-18.9765,-217.543,4.6
2011-07-18T03:20:28.270Z,169.3,-19.377,-217.6,4.7
2018-04-20T20:11:07.560Z,169.3505,-19.0024,-218.03,4.3
2008-12-05T04:54:44.910Z,169.144,-18.652,-218.1,4.3
2023-04-04T00:31:11.793Z,169.1029,-18.6301,-218.289,4.2
2014-11-20T17:57:34.760Z,169.1971,-18.8499,-218.37,4.2
2022-05-25T04:02:38.485Z,168.9662,-18.5789,-218.44,4
2012-11-10T23:45:58.810Z,169.661,-19.198,-218.6,4.6
2017-09-22T08:25:46.270Z,169.5536,-18.3842,-218.91,4.1
2016-12-01T04:17:36.020Z,169.9084,-18.4469,-218.93,4.2
2017-11-10T11:31:20.640Z,169.543,-18.9741,-219.11,4.3
2019-05-06T03:56:50.896Z,169.4262,-19.251,-219.36,5
2016-10-20T09:33:05.060Z,168.9899,-18.6505,-219.47,4.4
2007-10-11T05:31:55.780Z,169,-18.495,-219.5,5.4
2013-04-24T14:08:56.420Z,169.258,-18.694,-219.6,5.3
2018-03-29T15:57:49.980Z,169.5201,-19.0471,-219.94,4
2018-04-08T08:05:13.780Z,169.2301,-18.866,-220.12,4.5
2014-10-11T17:59:38.240Z,169.1548,-18.8867,-220.17,4.4
2014-09-03T21:11:47.070Z,169.1761,-19.1417,-220.21,4.4
2008-11-06T22:44:42.770Z,169.063,-18.609,-220.3,5.1
2007-07-22T20:46:28.830Z,169.001,-18.664,-220.4,4.6
2004-05-08T20:36:11.260Z,169.346,-18.503,-220.4,4.2
2019-10-28T13:12:00.401Z,169.1763,-18.8722,-220.58,4.2
2008-05-17T19:59:32.960Z,169.112,-18.81,-220.8,4.5
2018-06-13T10:33:09.450Z,169.4546,-18.8819,-220.82,5.1
2024-08-22T20:33:52.469Z,169.2946,-19.0853,-221.095,4.7
2019-02-14T11:09:32.370Z,169.1597,-18.4459,-221.24,4.4
2023-05-16T00:08:34.720Z,169.5102,-19.197,-221.392,4
2019-03-04T20:07:12.290Z,169.2752,-18.5683,-221.48,4.4
2014-02-22T04:05:07.840Z,169.0567,-18.7475,-221.51,4.3
2019-02-18T16:23:09.790Z,169.1221,-18.5444,-222.22,4.2
2025-06-19T03:52:01.091Z,169.3791,-19.1035,-222.925,4.2
2017-09-11T16:10:34.900Z,169.8301,-18.5966,-222.96,4.2
2011-09-12T13:40:09.850Z,169.011,-18.45,-223.2,4.2
2022-11-19T22:01:42.452Z,169.5115,-19.4799,-223.399,4.3
2007-03-23T12:18:25.330Z,169.256,-18.635,-223.4,4.2
2015-01-01T06:48:29.670Z,169.1795,-18.7052,-223.61,4.6
2015-08-15T17:12:58.070Z,169.0951,-18.531,-223.68,4.7
2018-09-05T11:00:55.350Z,169.7188,-18.4367,-223.84,4
2008-01-13T23:09:43.300Z,169.06,-18.8,-224.2,4.1
2020-04-14T01:27:03.362Z,169.024,-17.9895,-224.66,4.8
2023-12-13T15:12:08.499Z,169.3984,-19.0718,-224.931,4.4
2003-10-31T03:34:12.260Z,169.048,-18.768,-225,4.5
2019-05-13T21:54:42.975Z,169.1853,-18.8534,-225.15,4.2
2020-05-01T05:46:22.910Z,168.9619,-18.4626,-225.3,4.4
2006-01-04T03:10:39.770Z,169.018,-18.663,-225.3,4.6
2016-11-18T22:53:13.180Z,169.731,-18.6096,-225.31,4.2
2020-07-06T04:15:27.042Z,170.1975,-19.6558,-225.53,4.1
2009-08-29T06:10:34.470Z,169.084,-18.691,-225.8,4.7
2006-03-17T15:38:53.330Z,169.252,-19.099,-225.8,4.1
2021-12-25T12:19:57.292Z,169.2459,-18.9362,-226.04,5
2016-07-15T17:46:16.900Z,169.1975,-19.0049,-226.26,4.6
2015-01-18T06:17:21.430Z,169.2148,-19.1161,-226.5,4.1
2005-08-23T06:33:44.250Z,169.234,-19.144,-226.6,4.8
2013-08-12T13:07:45.930Z,169.2979,-19.3606,-226.67,4.4
2010-03-10T05:19:07.380Z,168.951,-18.526,-226.7,5.1
2018-03-11T13:09:13.450Z,169.4542,-19.1128,-226.96,4.4
2021-11-03T12:45:41.680Z,168.9294,-18.4933,-227.04,5
2011-07-11T23:35:21.240Z,169.405,-19.621,-227.2,4.8
2004-05-19T15:25:56.120Z,169.002,-18.098,-227.2,3.9
2013-02-21T08:40:39.650Z,169.116,-18.917,-227.4,4.5
2020-05-13T21:01:39.602Z,169.22,-18.7927,-228,4.4
2015-01-13T06:34:17.660Z,169.974,-18.3216,-228.16,4.4
2018-04-03T11:31:34.550Z,169.3784,-19.0635,-228.18,5
2019-07-30T14:30:11.043Z,169.0354,-18.1353,-228.26,4.3
2018-05-17T23:59:51.600Z,168.8492,-19.2347,-228.4,4.3
2015-02-07T18:40:54.370Z,168.7535,-17.8248,-228.48,4.8
2021-08-31T22:59:16.594Z,169.6718,-19.5176,-228.57,4.4
2020-03-24T02:56:37.869Z,169.1838,-18.7084,-228.6,4.5
2021-01-15T19:36:43.784Z,169.4039,-19.0922,-228.72,4.4
2014-02-11T18:12:39.150Z,168.7218,-18.6411,-228.81,4.4
2013-10-09T07:30:54.980Z,169.2022,-18.9362,-228.84,4.1
2014-02-04T14:51:34.510Z,169.1626,-18.7599,-228.85,4.7
2006-08-12T16:16:15.810Z,169.365,-19.366,-229.1,4.5
2024-07-29T13:31:30.039Z,169.2221,-18.9997,-229.284,4.4
2008-06-02T17:47:12.460Z,170.274,-19.298,-229.3,4.1
2017-02-18T23:24:36.320Z,169.3967,-18.7962,-229.65,4.3
2020-01-11T10:16:55.428Z,169.5144,-18.75,-229.86,4
2004-02-10T20:22:52.950Z,169.621,-18.858,-230,4.6
2008-11-21T16:45:48.110Z,169.23,-18.842,-230.2,3.7
2011-05-20T12:17:41.970Z,169.328,-18.627,-230.6,4.3
2024-11-01T05:24:10.798Z,169.0731,-18.822,-230.633,4.6
2022-07-29T22:31:56.735Z,169.1057,-18.9002,-230.78,4.2
2011-01-30T16:03:14.520Z,169.245,-18.948,-230.8,4.5
2019-10-21T02:52:29.674Z,169.4883,-19.0184,-231,6.4
2024-11-22T02:50:47.129Z,169.3475,-18.7858,-231.267,4.3
2014-12-06T09:53:58.660Z,169.2982,-18.6804,-231.31,4.3
2010-01-31T15:18:44.860Z,169.393,-18.78,-231.5,5.2
2017-04-06T20:28:57.500Z,170.0489,-18.5768,-231.65,4.2
2024-05-14T15:03:47.354Z,169.8376,-18.5301,-231.674,4.1
2018-12-23T02:49:14.230Z,169.1802,-18.9071,-232.15,4.5
2019-11-13T18:37:43.185Z,169.7066,-18.7509,-232.23,4.4
2017-01-03T03:40:59.200Z,169.3449,-18.9992,-232.3,4
2009-08-27T07:21:26.550Z,169.306,-19.096,-232.5,4.3
2017-08-13T16:37:25.610Z,169.324,-18.9014,-232.59,4.6
2024-05-01T21:53:13.173Z,169.2401,-18.7605,-232.885,4.8
2021-05-17T17:15:16.314Z,169.185,-18.9471,-232.92,4.4
2015-02-02T07:20:47.020Z,169.4002,-19.4791,-232.94,4.9
2020-08-09T22:32:38.685Z,170.6247,-18.5739,-233.17,4.6
2020-01-19T01:42:03.194Z,169.2761,-18.709,-233.45,4.5
2010-01-07T07:28:31.070Z,169.445,-18.695,-233.6,4.4
2015-12-07T22:10:38.870Z,169.1411,-18.5725,-233.7,4
2016-07-21T16:23:53.470Z,169.2686,-18.7784,-234.54,4.3
2023-01-12T20:43:44.481Z,169.1996,-18.7323,-234.706,4.4
2013-01-12T10:22:09.970Z,169.172,-18.856,-235.3,4.7
2015-05-08T17:02:52.070Z,169.2113,-18.7131,-235.38,4.4
2005-08-16T09:42:55.630Z,169.149,-18.814,-235.4,4.8
2018-04-27T14:24:00.320Z,169.823,-18.5161,-235.92,4.1
2003-07-23T03:02:59.850Z,169.029,-19.039,-236.4,4.3
2013-03-07T20:55:52.860Z,169.377,-18.97,-236.5,5.5
2022-08-03T22:39:09.565Z,169.3736,-19.0683,-236.596,4
2020-06-14T12:04:43.000Z,169.0998,-18.1967,-236.72,4.4
2025-07-14T10:59:22.376Z,169.1022,-18.1153,-236.735,4.1
2024-09-13T20:45:12.067Z,169.3167,-19.1168,-236.786,4.1
2015-10-05T03:13:31.130Z,169.4943,-18.8212,-236.85,4.2
2007-06-29T12:01:30.800Z,168.973,-18.793,-236.9,4.7
2005-11-15T16:47:41.310Z,169.187,-18.832,-237.1,4.8
2017-10-26T02:49:39.150Z,169.3876,-18.7437,-237.3,4.4
2020-08-28T12:24:18.754Z,169.3524,-18.7152,-237.34,4.3
2006-08-27T07:07:32.650Z,169.279,-18.905,-237.5,5.2
2004-03-09T10:36:11.720Z,168.857,-17.818,-237.5,4.5
2018-07-01T01:49:14.260Z,169.3798,-18.6853,-237.52,4.4
2018-12-06T18:44:22.730Z,169.4397,-19.0297,-237.61,5.1
2018-11-20T16:43:32.290Z,169.493,-18.7059,-237.62,4.4
2006-03-23T21:13:40.640Z,169.259,-18.92,-237.7,4.1
2021-06-05T09:35:15.098Z,169.3549,-18.8312,-237.76,4.1
2022-12-29T04:08:48.305Z,169.4274,-19.0252,-238.171,4.5
2018-10-04T03:27:54.980Z,169.3444,-18.7335,-238.45,4.3
2022-07-11T00:54:55.429Z,169.4104,-18.984,-238.56,4.2
2015-10-19T03:05:54.240Z,169.8234,-18.6363,-238.57,4.1
2006-01-07T07:29:41.550Z,169.595,-19.647,-238.7,4.1
2020-02-26T00:34:22.377Z,169.6139,-19.1063,-239.01,4.2
2013-08-01T00:48:13.040Z,169.5961,-19.2725,-239.27,4.4
2015-11-27T19:27:11.580Z,169.4652,-18.8477,-239.31,4.3
2006-09-03T22:40:20.920Z,169.111,-18.65,-239.4,4.9
2006-06-19T17:10:00.720Z,169.074,-18.769,-239.6,3.8
2020-11-08T14:41:32.208Z,169.4152,-19.018,-239.68,4.3
2008-12-12T11:30:42.350Z,169.21,-18.802,-239.8,4.5
2005-04-12T01:26:28.690Z,169.428,-18.733,-239.8,4.4
2024-11-10T16:26:17.044Z,169.645,-18.861,-239.823,4.2
2010-11-22T14:12:56.950Z,169.28,-18.745,-239.9,5.1
2020-12-22T05:03:01.614Z,169.3929,-18.8584,-240.25,4.5
2023-01-15T08:21:14.324Z,169.3113,-18.9633,-240.381,4.4
2016-01-02T06:25:47.720Z,169.2777,-18.8333,-240.43,4.6
2022-01-22T21:48:27.341Z,169.3975,-18.9623,-240.84,5.1
2017-01-24T16:17:50.570Z,169.4405,-19.1827,-241.11,5.1
2019-11-27T04:06:10.894Z,169.3601,-18.6906,-241.15,4.4
2020-05-07T20:14:31.649Z,169.2483,-18.6506,-241.28,4.4
2017-11-23T17:32:42.440Z,169.8986,-18.9599,-241.3,4.2
2011-02-27T22:41:21.530Z,169.676,-19.369,-241.5,4.7
2013-12-29T05:32:40.300Z,169.3354,-19.0391,-241.57,4.5
2023-06-02T22:34:49.065Z,169.4795,-18.914,-241.693,4.3
2015-05-22T16:17:20.070Z,169.3564,-18.7676,-241.77,4.9
2006-05-04T02:12:42.680Z,169.315,-19.023,-241.9,4.2
2024-07-22T00:09:33.423Z,169.5925,-19.2322,-242,5.5
2021-03-09T19:14:57.023Z,169.4119,-18.7917,-242.03,4.6
2017-07-18T22:38:35.970Z,169.3782,-18.9536,-242.12,4.2
2019-07-31T03:20:57.089Z,169.1741,-18.5786,-242.16,4.5
2004-02-24T08:44:19.290Z,169.504,-18.711,-242.3,4.7
2017-05-05T19:33:05.940Z,169.4746,-18.9884,-242.38,4.6
2014-04-17T19:39:16.360Z,169.3025,-19.1149,-242.39,4.3
2014-07-30T12:25:06.220Z,169.2754,-18.8574,-242.43,4.6
2008-08-05T00:47:51.090Z,168.667,-17.816,-242.6,4.7
2018-01-02T08:10:00.070Z,169.3488,-18.8355,-242.77,5.2
2008-05-14T15:59:46.460Z,169.239,-18.626,-243.1,3.9
2014-06-25T16:12:39.820Z,169.348,-18.6763,-243.18,4.6
2018-02-06T18:37:58.980Z,169.4739,-18.9595,-243.29,5.6
2006-04-01T11:27:08.160Z,169.236,-18.737,-243.3,4.5
2007-04-04T18:07:29.630Z,169.24,-18.596,-243.4,4.4
2020-09-26T03:22:13.546Z,169.3898,-18.723,-243.42,4.7
2020-02-26T05:28:32.056Z,169.4811,-18.9519,-243.42,4.5
2017-10-27T17:58:13.400Z,169.3466,-18.7942,-243.65,4.5
2014-11-04T01:03:43.490Z,168.8732,-17.8158,-244.02,4.3
2015-03-24T12:53:29.570Z,169.7113,-18.7842,-244.04,4.2
2009-07-19T19:44:04.200Z,169.7,-19.673,-244.1,4.6
2003-08-20T22:37:05.900Z,169.354,-19.249,-244.2,4.1
2021-03-22T10:52:27.595Z,169.3851,-18.9358,-244.5,4.6
2008-08-10T20:40:50.980Z,169.259,-18.487,-244.5,3.3
2023-11-11T20:08:49.227Z,169.2457,-18.8013,-244.502,4.3
2020-04-30T09:07:56.389Z,169.4265,-18.9865,-244.6,4.1
2014-12-09T15:28:30.840Z,169.3474,-18.8545,-244.9,4.6
2008-11-13T19:38:09.640Z,169.305,-18.802,-245,4.1
2018-11-22T06:17:06.330Z,169.3723,-18.995,-245.3,4.1
2022-12-29T16:51:34.385Z,169.2904,-18.8754,-245.491,4.6
2019-01-12T00:09:19.460Z,169.5613,-19.0067,-245.75,4.6
2008-11-14T14:14:43.100Z,169.472,-19.642,-245.8,4
2007-10-10T22:32:40.290Z,169.349,-19.105,-245.8,3.8
2005-03-27T09:19:05.610Z,170.043,-18.78,-245.9,4.1
2014-03-24T05:16:17.240Z,169.9432,-19.7528,-245.98,4
2021-05-13T03:36:36.635Z,169.2899,-18.9903,-246,4.6
2008-10-10T11:58:23.210Z,169.361,-19.088,-246,4.7
2015-02-02T19:57:51.980Z,169.5575,-19.4177,-246.12,4.2
2017-12-18T20:12:03.590Z,169.6411,-19.2314,-246.15,4.2
2008-09-29T06:09:10.830Z,169.268,-19.016,-246.2,4
2022-10-19T15:11:30.939Z,169.6405,-19.0125,-246.222,4.3
2011-07-16T18:09:40.820Z,169.364,-18.867,-246.4,5.6
2014-05-01T06:33:10.760Z,169.5678,-18.9193,-246.44,4.4
2011-05-16T17:28:43.620Z,169.277,-18.729,-246.5,4.6
2015-02-24T16:36:43.940Z,169.2628,-18.8919,-246.54,4.7
2023-04-30T16:44:31.836Z,169.454,-19.1635,-246.617,4.4
2019-08-30T15:10:29.417Z,169.1704,-18.7796,-246.7,4.2
2020-06-22T05:55:46.805Z,169.3162,-19.0612,-246.81,4.4
2015-11-15T07:29:25.990Z,169.4151,-19.1472,-246.93,4.5
2020-02-04T04:03:33.814Z,169.7241,-18.6978,-246.98,4.5
2016-01-09T03:35:03.600Z,169.3231,-19.1262,-247.24,4.3
2005-06-05T13:06:47.960Z,169.234,-18.838,-247.4,4.3
2024-07-23T09:19:53.257Z,169.1797,-18.7265,-247.642,4.1
2010-08-27T07:21:06.210Z,168.867,-18.714,-247.7,4.5
2024-12-31T03:14:42.294Z,169.3263,-18.7455,-248.155,4.2
2019-10-26T17:16:31.477Z,170.3265,-18.7063,-248.25,4.1
2013-09-20T12:39:00.740Z,169.4755,-18.8278,-248.27,4.3
2010-11-24T12:34:16.740Z,169.353,-18.98,-248.3,5.2
2021-03-04T09:18:41.643Z,169.2125,-18.7076,-248.32,4.4
2004-10-01T15:53:15.970Z,169.37,-18.91,-248.4,4.2
2018-04-09T23:37:00.820Z,169.6762,-18.8077,-248.43,4.1
2024-10-22T11:19:41.231Z,169.3164,-18.905,-248.459,4.3
2023-02-01T00:39:42.472Z,169.4136,-18.9061,-248.618,4.1
2017-12-25T13:11:41.760Z,170.5061,-18.889,-248.72,4.4
2016-07-06T00:27:01.060Z,169.421,-18.8433,-249.05,4.7
2020-11-05T16:28:37.186Z,169.5331,-18.9802,-249.07,4.2
2020-04-27T22:48:52.276Z,169.3576,-18.9433,-249.11,4.3
2018-10-09T02:27:51.420Z,169.498,-18.9522,-249.29,4.2
2008-11-09T16:46:04.150Z,169.301,-19.034,-249.3,3.9
2018-01-18T14:42:07.170Z,169.6554,-18.9267,-249.42,4.3
2018-01-07T00:33:33.420Z,169.6146,-19.0249,-249.55,4.4
2025-07-04T08:22:09.621Z,169.1891,-18.6545,-249.57,4
2023-06-19T11:10:28.581Z,169.3418,-18.9939,-249.603,4.5
2017-08-10T02:45:08.220Z,169.4588,-18.7959,-249.82,4.3
2018-07-03T10:23:59.760Z,169.8974,-18.9171,-249.91,4.4
2017-12-14T02:17:55.560Z,169.503,-19.2025,-249.95,4.5
2006-06-09T05:36:14.670Z,169.411,-18.884,-250,4.6
2003-11-16T17:23:34.820Z,169.283,-19.621,-250,3.9
2022-10-18T12:54:28.346Z,169.288,-18.6545,-250.06,4.3
2022-09-24T05:31:34.389Z,169.3535,-18.932,-250.127,4.4
2019-02-11T02:35:25.870Z,169.3597,-18.7519,-250.2,4.2
2009-10-05T17:03:29.580Z,169.212,-18.747,-250.2,4.6
2022-12-04T15:37:35.326Z,169.2565,-18.7797,-250.301,4.4
2021-10-05T13:43:59.437Z,169.4377,-18.9205,-250.41,4.3
2013-10-11T21:56:34.040Z,169.303,-19.0915,-250.42,4.2
2004-05-10T06:47:12.080Z,169.308,-18.718,-250.6,4.4
2024-06-20T03:22:54.159Z,169.4164,-19.0327,-250.719,4.8
2024-07-26T21:31:43.364Z,169.2916,-18.9004,-250.793,4.1
2015-06-23T19:20:31.000Z,169.4758,-18.9612,-250.86,4.8
2017-12-17T11:35:00.850Z,169.632,-18.9737,-250.9,4.5
2003-10-29T03:54:26.310Z,169.13,-19.114,-251.1,4.6
2023-04-28T01:56:33.389Z,169.2113,-18.7427,-251.325,4
2003-10-26T14:55:47.070Z,169.236,-18.698,-251.5,4.3
2024-05-29T13:19:47.967Z,169.2462,-18.8733,-251.765,4.1
2016-08-27T19:34:58.660Z,169.5163,-19.0401,-252.05,4.4
2019-02-14T04:00:59.450Z,169.8013,-19.0281,-252.28,4.4
2021-05-23T21:10:46.372Z,169.5189,-19.1428,-252.32,4.4
2010-09-23T12:56:17.170Z,169.312,-18.923,-252.4,4.6
2016-03-01T11:36:11.510Z,169.2743,-18.6072,-252.78,4.4
2018-10-08T10:13:14.210Z,169.3223,-18.9678,-252.98,4
2017-04-05T22:17:43.400Z,169.5787,-19.0206,-253,5.6
2015-08-31T11:38:36.070Z,169.3631,-19.1403,-253.09,4.2
2016-10-26T11:43:26.870Z,170.1473,-18.563,-253.42,4.1
2013-12-09T14:14:25.720Z,169.6788,-19.1521,-253.55,4.4
2025-01-25T10:46:14.354Z,169.5438,-19.1227,-253.607,4.5
2007-08-12T09:40:06.430Z,169.366,-18.944,-253.8,4
2018-09-03T19:33:30.540Z,169.5981,-19.4208,-254.02,4.8
2016-11-21T11:43:45.470Z,169.7844,-18.9279,-254.15,4.2
2025-03-20T03:46:54.482Z,169.1276,-18.7332,-254.623,4.1
2024-07-15T04:25:41.973Z,169.384,-18.879,-254.74,4.9
2016-04-09T14:07:47.670Z,169.5678,-19.001,-254.89,4.9
2012-01-19T17:11:20.290Z,169.525,-18.944,-254.9,4.5
2018-07-08T21:04:36.180Z,169.4901,-19.0182,-255,5.5
2017-02-26T06:44:22.670Z,169.4041,-18.6143,-255,5.5
2014-05-05T20:41:00.220Z,169.5005,-18.9583,-255.01,4.5
2016-07-12T23:05:13.190Z,169.7268,-19.122,-255.03,4.6
2018-09-04T09:14:22.010Z,169.3408,-18.9741,-255.3,4.2
2020-06-02T02:04:24.734Z,169.4869,-19.007,-255.55,5.1
2020-04-29T18:34:24.211Z,169.6632,-19.0617,-255.64,4.1
2004-05-04T22:36:28.650Z,168.888,-18.844,-255.8,4.8
2005-03-23T02:17:46.220Z,169.424,-18.896,-256,4.1
2017-11-04T17:07:58.660Z,169.4791,-18.8629,-256.33,4.3
2019-08-15T15:42:44.018Z,169.8455,-18.5781,-256.88,4.5
2013-11-06T06:59:54.220Z,169.4568,-19.1395,-256.94,4.5
2015-10-10T07:31:07.610Z,169.5158,-19.0689,-256.99,5.1
2009-10-29T07:05:21.090Z,169.302,-18.968,-257.1,4.5
2025-03-20T06:18:25.453Z,169.3087,-18.7796,-257.295,4.5
2005-07-13T17:34:15.480Z,169.481,-19.225,-257.3,4.3
2024-10-17T16:23:54.243Z,169.3617,-18.9973,-257.712,4.4
2017-09-27T09:40:32.150Z,169.3994,-18.9768,-257.72,4.3
2009-07-03T10:13:05.050Z,169.268,-18.778,-258,4.4
2023-05-20T01:21:28.282Z,169.3219,-18.8802,-258.126,4.2
2014-10-03T11:10:01.500Z,169.3524,-19.0023,-258.34,4.2
2014-04-17T16:35:20.140Z,169.3225,-19.0444,-258.34,4.6
2014-07-12T23:22:29.710Z,169.358,-18.5954,-258.39,4.9
2012-08-27T15:02:53.410Z,169.262,-19.093,-258.4,4.3
2024-06-12T08:31:33.251Z,169.4001,-18.9126,-258.498,4.5
2014-02-17T19:32:01.220Z,169.6377,-18.7172,-258.85,4.4
2020-07-20T21:38:18.269Z,169.6889,-19.2293,-259.09,4.4
2015-12-22T02:27:14.360Z,169.2749,-18.6951,-259.17,4.3
2016-04-10T06:13:54.700Z,169.7449,-19.5799,-259.56,4.1
2023-07-26T08:13:30.892Z,169.2756,-18.8785,-259.682,4.3
2006-06-27T17:30:20.870Z,169.575,-18.731,-259.8,4.8
2005-06-02T22:32:11.850Z,169.306,-18.879,-260,4.7
2025-06-08T18:49:05.286Z,169.4597,-18.9305,-260.054,4.4
2020-10-08T01:37:17.988Z,169.5022,-19.6942,-260.19,4.2
2003-01-15T08:56:08.530Z,169.223,-18.678,-260.4,4.5
2025-01-23T06:17:43.104Z,169.5203,-19.0842,-260.446,4.6
2024-02-08T02:09:28.592Z,169.4031,-19.2397,-260.447,4.6
2020-05-27T10:33:24.455Z,169.6313,-18.9768,-260.47,4
2023-05-12T20:02:14.546Z,169.4233,-19.0353,-260.503,4.5
2025-03-25T00:02:22.514Z,169.4015,-19.0717,-261.119,4.4
2013-05-30T08:55:32.760Z,169.45,-18.933,-261.2,4.5
2020-12-23T15:24:19.011Z,169.4826,-19.0058,-261.34,4.4
2018-07-26T03:47:03.370Z,169.5424,-19.0697,-261.5,4.5
2020-03-15T11:53:26.932Z,169.4269,-19.0857,-262.03,4.4
2007-08-30T10:56:10.580Z,169.16,-18.937,-262.1,4.3
2003-12-27T08:38:19.660Z,168.797,-18.729,-262.1,4.4
2012-03-12T22:38:10.360Z,169.237,-18.837,-262.2,4.8
2006-06-07T03:50:31.860Z,169.293,-19.002,-262.4,4.1
2011-01-13T06:00:42.290Z,169.392,-18.938,-262.5,5.2
2003-09-27T11:31:31.210Z,169.236,-19.121,-262.5,4.9
2017-05-07T11:14:31.270Z,169.4765,-19.0613,-262.55,4.4
2018-06-25T12:49:06.900Z,169.6814,-19.0577,-263.43,5.1
2021-12-11T08:41:01.277Z,169.3721,-19.0568,-263.47,4.1
2014-11-14T20:09:46.360Z,169.4446,-18.9748,-263.74,4.9
2014-02-12T09:39:30.010Z,169.6167,-18.765,-264,4.1
2021-04-08T01:13:46.798Z,169.4855,-18.5091,-264.08,5.2
2017-08-13T12:18:13.860Z,169.579,-19.0231,-264.16,5.1
2016-10-14T08:31:20.360Z,169.6083,-19.0851,-264.33,4.5
2008-12-09T10:19:00.870Z,169.359,-19.094,-265,3.5
2009-02-03T00:07:10.750Z,169.493,-19.05,-265.1,5.3
2021-01-03T13:31:05.651Z,170.2011,-19.0661,-265.29,4.2
2008-06-21T01:01:54.700Z,169.425,-18.905,-265.7,4.3
2021-10-31T17:51:17.855Z,169.6514,-18.9368,-265.71,4.4
2019-12-04T20:10:03.595Z,169.5748,-19.0677,-266,6
2014-12-20T19:59:44.240Z,169.4875,-18.9915,-266.36,4.2
2020-12-24T23:17:39.873Z,169.8259,-19.426,-266.81,4.1
2021-08-25T04:31:06.244Z,169.6671,-19.0174,-267.17,4.4
2022-01-05T16:43:09.361Z,169.6122,-18.9797,-267.22,5
2012-04-13T15:52:47.890Z,169.51,-19.153,-267.8,4.5
2004-07-02T14:12:05.910Z,169.516,-18.66,-267.8,4.2
2025-03-25T13:34:35.088Z,169.3953,-19.0113,-267.858,4.3
2023-03-10T07:08:55.260Z,169.5933,-19.3892,-267.947,4.3
2013-11-08T00:01:33.160Z,169.4958,-18.9672,-268.08,4.2
2016-01-22T13:47:37.180Z,169.5982,-19.016,-268.42,4.2
2022-10-14T20:20:29.890Z,169.1796,-18.285,-268.459,4.5
2014-06-14T14:26:07.350Z,169.4997,-19.1682,-268.85,4.9
2003-09-12T00:59:38.090Z,169.317,-19.097,-268.9,4.2
2014-07-15T06:08:36.650Z,169.4749,-19.0817,-269.01,4.1
2017-08-17T17:40:15.690Z,169.71,-18.7967,-269.68,4.3
2022-03-06T21:07:26.165Z,169.5635,-18.9049,-269.77,4.3
2019-03-02T20:54:39.110Z,169.3074,-18.6517,-269.93,4.6
2007-12-11T00:45:00.030Z,169.334,-18.914,-270.1,4.5
2006-05-25T03:20:12.450Z,169.509,-19.449,-270.3,4.3
2005-12-22T18:01:35.850Z,169.355,-18.983,-270.3,4.7
2006-11-08T18:11:21.280Z,169.434,-19.153,-270.4,4.3
2004-07-06T12:20:00.100Z,169.533,-18.761,-270.6,4.8
2006-10-22T06:38:34.950Z,169.5,-19.064,-270.9,3.9
2004-02-29T09:01:56.300Z,169.513,-18.883,-270.9,4
2021-07-26T17:28:44.308Z,169.7119,-19.1279,-270.91,4.1
2018-05-31T19:46:31.230Z,169.5615,-18.9626,-271.18,4.5
2006-04-09T14:58:12.190Z,169.412,-18.968,-271.6,4.8
2014-06-21T12:38:48.110Z,169.4808,-19.1493,-271.76,4.1
2013-02-25T12:01:43.630Z,169.485,-18.971,-272.1,4.7
2015-11-14T02:48:01.880Z,169.4655,-18.6977,-272.26,4.6
2024-07-16T12:29:44.602Z,169.5487,-19.1339,-272.406,5.1
2013-11-20T13:45:27.290Z,169.5891,-19.1079,-272.97,4.7
2022-06-27T01:23:55.230Z,169.5709,-19.0439,-273.07,4.4
2018-08-06T12:27:58.630Z,169.6472,-19.3819,-274.6,4.3
2012-03-26T01:35:52.650Z,169.606,-19.183,-275.5,4.6
2009-03-28T07:22:05.740Z,169.19,-17.98,-275.8,4.3
2008-02-23T18:49:13.190Z,169.512,-19.073,-276.2,4.4
2003-09-15T04:10:21.910Z,169.477,-18.918,-276.6,4.3
2014-06-09T14:19:14.280Z,169.5312,-19.0554,-276.67,4.7
2008-02-16T15:17:10.140Z,169.495,-18.985,-276.7,3.8
2012-11-14T13:33:14.190Z,169.503,-19.038,-277,4.7
2023-02-11T13:17:17.245Z,169.3985,-18.5993,-278.019,4.3
2003-10-19T23:39:42.270Z,169.36,-18.901,-279.3,4.1
2008-05-24T10:28:43.400Z,169.508,-19.384,-279.6,5.1
2011-09-30T01:27:27.730Z,169.48,-19.026,-279.7,4.6
2004-12-17T02:48:01.690Z,169.21,-18.783,-279.7,4.4
2013-04-13T22:49:50.550Z,169.535,-19.141,-280.2,6
2021-08-18T04:02:26.583Z,169.4079,-19.3444,-280.69,4.5
2010-01-23T22:41:08.790Z,169.583,-19.423,-280.7,5
2014-05-18T21:16:45.130Z,169.5904,-19.12,-280.87,4.8
2009-04-18T12:21:33.370Z,169.548,-18.93,-280.9,4.6
2009-01-08T17:19:46.540Z,169.497,-19.134,-281.5,4.5
2024-01-30T10:46:19.418Z,169.8315,-19.7436,-282.953,4.1
2024-10-29T06:13:05.296Z,169.51,-18.6749,-283.585,5
2024-03-01T23:55:23.114Z,169.4637,-19.4322,-283.756,4.2
2006-02-15T19:37:27.180Z,169.275,-18.085,-285,4.8
2005-04-29T15:39:53.290Z,169.709,-19.074,-285.9,4.3
2010-10-01T07:26:20.680Z,169.566,-18.877,-286.2,5.2
2011-10-14T03:48:22.480Z,169.536,-18.944,-286.3,4.9
2024-11-10T17:53:19.260Z,169.4737,-19.0343,-286.821,4.6
2007-09-20T17:58:50.620Z,169.254,-18.814,-287.1,4.5
2009-09-26T15:32:46.550Z,169.551,-19.048,-288,4.6
2022-04-14T01:28:57.022Z,169.7119,-19.1374,-288.01,4.3
2014-03-24T17:07:55.670Z,169.5415,-19.0609,-288.36,4.2
2010-09-10T12:47:45.310Z,169.387,-18.642,-288.8,4.2
2007-12-15T13:45:38.680Z,169.33,-19.137,-290.1,3.8
2007-01-31T02:14:26.130Z,169.564,-19.206,-290.7,5.4
2014-11-14T06:12:49.790Z,169.4895,-18.9867,-292.52,4.1
2013-05-16T12:49:15.280Z,169.555,-19.203,-293.1,4.3
2024-08-04T23:09:59.527Z,169.6746,-18.7376,-293.494,4.2
2005-09-02T15:36:14.090Z,169.637,-19.092,-294.1,4.6
2008-09-14T10:26:09.150Z,169.381,-19.081,-296.5,3.9
2007-07-06T12:02:45.490Z,169.6,-19.688,-298.2,4.3
2003-08-14T00:42:13.830Z,169.513,-18.943,-298.8,4
2004-12-19T08:06:22.560Z,169.292,-18.852,-300,3.6
2003-12-16T17:27:35.000Z,169.368,-18.961,-300,4.3
2003-07-19T16:38:53.060Z,169.385,-19.138,-300,4.4
2003-04-11T16:30:56.120Z,169.121,-19.077,-300,4.6
2003-04-06T09:28:51.690Z,168.798,-18.57,-300,3.9
2003-03-11T09:46:17.330Z,169.353,-19.142,-300,4.7
2003-08-18T07:31:42.820Z,169.484,-18.942,-302.7,4.5
2012-06-09T02:25:32.990Z,169.754,-18.726,-303.4,4.1
2014-07-18T06:29:07.350Z,169.6504,-18.4731,-309.76,4.4
2007-04-21T03:01:05.940Z,168.771,-18.542,-310.1,4.3
2004-01-03T03:56:28.940Z,169.52,-19.077,-310.7,4.3
2008-01-08T20:37:30.110Z,169.47,-19.125,-312,4.8
2003-04-27T10:18:56.730Z,169.152,-19.319,-350,4.1
